Workbook
Name _tv14: '[8]TE TS FA LAN MATV'!$F$89
Name Abab: [9]Bahan!$G$7
Name Bahan: [2]Bahan!$B$8:$E$1970
Name BahanSatuan: [2]Bahan!$C$8:$C$1970&[2]Bahan!$D$8:$D$1970
Name BahanSatuanA: [9]Bahan!$C$10:$C$701&[9]Bahan!$D$10:$D$701&[9]Bahan!$E$7
Name BahanSatuanB: [9]Bahan!$C$10:$C$701&[9]Bahan!$D$10:$D$701&[9]Bahan!$F$7
Name BahanSatuanC: [9]Bahan!$C$10:$C$701&[9]Bahan!$D$10:$D$701&[9]Bahan!$G$7
Name BahanSatuanD: [9]Bahan!$C$10:$C$701&[9]Bahan!$D$10:$D$701&[9]Bahan!$H$7
Name BahanSatuanE: [9]Bahan!$C$10:$C$701&[9]Bahan!$D$10:$D$701&[9]Bahan!$I$7
Name Harga_Alat: '[14]HSD ALAT'!$C$6:$K$5003
Name Harga_Bahan: '[14]HSD BAHAN'!$C$6:$J$5001
Name Harga_Upah: '[14]HSD UPAH'!$B$6:$E$5000
Name Jenis_Alat: '[14]HSD ALAT'!$H$6:$H$5003
Name Jenis_Bahan: '[14]HSD BAHAN'!$H$6:$H$5001
Name Jenis_Upah: '[14]HSD UPAH'!$C$6:$C$5000
Name jnrtrjn: '[16]Analisa 23'!$H$35
Name Kode_Alat: '[14]HSD ALAT'!$C$6:$C$5003
Name Kode_Bahan: '[14]HSD BAHAN'!$C$6:$C$5001
Name Kode_Upah: '[14]HSD UPAH'!$B$6:$B$5000
Name Penukal: [9]Bahan!$H$7
Name PenukalUtara: [9]Bahan!$I$7
Name Profit: '[2]Analisa 23'!$H$35
Name TalangUbi: [9]Bahan!$E$7
Name TanahAbang: [9]Bahan!$F$7
Name Upah: [2]Upah!$B$10:$E$82
Name UpahSatuan: [2]Upah!$C$10:$C$82&[2]Upah!$D$10:$D$82

Sheet Rekap
A2: REKAPITULASI ANGGARAN
A3: =+[1]NOTE!B4 -> Kegiatan | F3: : Penyelenggaraan Bangunan Gedung Di Wilayah Daerah Kabupaten/Kota
A4: =+[1]NOTE!B5 -> Pekerjaan | F4: : Perencanaan Kantor Kelurahan Sambaliung Kab. Berau
A5: =+[1]NOTE!B6 -> Lokasi | F5: : Kab. Berau
A7: NO. | B7: URAIAN PEKERJAAN | I7: JUMLAH HARGA (Rp.)
A10: A | E10: =RAB!D11 -> KANTOR KELURAHAN SAMBALIUNG
A11: I | E11: =RAB!D12 -> PENYELENGGARAAN SMKK | I11: =RAB!K36 -> 50900000
A12: II | E12: =RAB!D37 -> PEKERJAAN PENDAHULUAN | I12: =RAB!K44 -> 1.0683061e+08
A13: III | E13: =RAB!D45 -> PEKERJAAN TANAH | I13: =RAB!K51 -> 1.0311496e+08
A14: IV | E14: =RAB!D52 -> PEKERJAAN STRUKTUR | I14: =RAB!K167 -> 2.0468165e+09
A15: V | E15: =RAB!D168 -> PEKERJAAN STRUKTUR ATAP | I15: =RAB!K182 -> 4.7193832e+08
A16: VI | E16: =RAB!D183 -> PEKERJAAN ARSITEKTUR | I16: =RAB!K189 -> 2.5366943e+08
A17: VII | E17: =RAB!D190 -> PEKERJAAN PLUMBING | I17: =RAB!K194 -> 19225680
B19: JUMLAH SELURUH PEKERJAAN | I19: =SUM(I11:I18) -> 3.0524955e+09
B20: PPN 11% | I20: =I19*0.11 -> 3.357745e+08
B21: JUMLAH SELURUH PEKERJAAN + PPN | I21: =I19+I20 -> 3.38827e+09
B22: PEMBULATAN | I22: =ROUNDUP(I21,-3) -> 3388270000
A23: TERBILANG :
E24: Tiga Miliar Tiga Ratus Delapan Puluh Delapan Juta Dua Ratus Tujuh Puluh Ribu Rupiah
A26: `+
H28: Berau, 22 Juli 2024
H29: Dibuat oleh,
H30: Konsultan Perencana
H31: PT. Rumah Kutai Perencana
H36: Wahyullah Bandung, ST
H37: Direktur
B39: Diketahui Oleh | H39: Disetujui Oleh
B40: PLT. Kepala Dinas Pekerjaan Umum | H40: Kuasa Pengguna Anggaran dan
H41: Kepala Bidang Gedung Pemerintah
H42: Dinas Pekerjaan Umum Kota Balikpapan

Sheet RAB
A1: RENCANA ANGGARAN BIAYA ( RAB )
A3: =+'[1]Contoh Rekap RAB'!A3:D3 -> Kegiatan | G3: =Rekap!F3 -> : Penyelenggaraan Bangunan Gedung Di Wilayah Daerah Kabupaten/Kota
A4: =+'[1]Contoh Rekap RAB'!A4:D4 -> Pekerjaan | G4: =Rekap!F4 -> : Perencanaan Kantor Kelurahan Sambaliung Kab. Berau
A5: =+'[1]Contoh Rekap RAB'!A5:D5 -> Lokasi | G5: =Rekap!F5 -> : Kab. Berau
A7: KODE | B7: NO. | C7: URAIAN PEKERJAAAN | H7: SAT. | I7: VOLUME | J7: HARGA SAT. | K7: JUMLAH HARGA
A8: SNI | J8: (Rp.) | K8: (Rp.)
A9: 1 | B9: 2 | C9: 3 | H9: 4 | I9: 5 | J9: 6 | K9: 7
B11: A | D11: KANTOR KELURAHAN SAMBALIUNG
B12: I | D12: PENYELENGGARAAN SMKK
B13: 1 | D13: Penyiapan Dokumen K3 | H13: Ls | I13: =BV!O15 -> 1 | J13: ='[2]K3 Gedung'!K18 -> 1500000 | K13: =I13*J13 -> 1500000
B14: =B13+1 -> 2 | D14: Sosialisasi, Promosi, dan Pelatihan:
D15: Induksi Keselamatan Konstruksi (Safety Induction) | H15: Org | I15: =BV!O17 -> 25 | J15: ='[2]K3 Gedung'!J21 -> 100000 | K15: =I15*J15 -> 2500000
D16: Pengarahan Keselamatan Konstruksi (Safety Briefing) | H16: Org | I16: =BV!O18 -> 25 | J16: ='[2]K3 Gedung'!J22 -> 100000 | K16: =I16*J16 -> 2500000
D17: Pertemuan keselamatan (Safety Talk dan/atau Tool Box Meeting) | H17: Org | I17: =BV!O19 -> 25 | J17: ='[2]K3 Gedung'!J23 -> 100000 | K17: =I17*J17 -> 2500000
B18: 3 | D18: Alat Pelindung Kerja dan Alat Pelindung Diri
D19: Topi Pelindung (Safety Helmet) | H19: Bh | I19: =BV!O21 -> 25 | J19: ='[2]K3 Gedung'!J48 -> 50000 | K19: =I19*J19 -> 1250000
D20: Sarung Tangan (Safety Gloves) | H20: Psg | I20: =BV!O22 -> 25 | J20: ='[2]K3 Gedung'!J54 -> 15000 | K20: =I20*J20 -> 375000
D21: Sepatu Keselamatan (Safety Shoes, Rubber Safety Shoes and Toe Cap) | H21: Psg | I21: =BV!O23 -> 25 | J21: ='[2]K3 Gedung'!J55 -> 200000 | K21: =I21*J21 -> 5000000
D22: Rompi keselamatan (Safety Vest) | H22: Bh | I22: =BV!O24 -> 25 | J22: ='[2]K3 Gedung'!J58 -> 140000 | K22: =I22*J22 -> 3500000
B23: 4 | D23: Asuransi dan Perizinan Terkait Keselamatan Konstruksi: | H23: Ls | I23: =BV!O25 -> 1 | J23: ='[2]K3 Gedung'!J64 -> 22500000 | K23: =I23*J23 -> 22500000
B24: 5 | D24: Personel Keselamatan Konstruksi :
D25: Petugas K3 Konstruksi | H25: Org | I25: =BV!O27 -> 1 | J25: ='[2]K3 Gedung'!J72 -> 5000000 | K25: =I25*J25 -> 5000000
B26: 6 | D26: Fasilitas, Sarana dan Prasarana Kesehatan:
D27: Peralatan P3K | H27: Bh | I27: =BV!O29 -> 1 | J27: ='[2]K3 Gedung'!J81 -> 500000 | K27: =I27*J27 -> 500000
B28: 7 | D28: Rambu dan Perlengkapan Lalu Lintas yang Diperlukan atau Manajemen lalu lintas:
D29: Rambu Petunjuk | H29: Bh | I29: =BV!O31 -> 3 | J29: ='[2]K3 Gedung'!J91 -> 75000 | K29: =I29*J29 -> 225000
D30: Rambu Larangan | H30: Bh | I30: =BV!O32 -> 3 | J30: ='[2]K3 Gedung'!J92 -> 75000 | K30: =I30*J30 -> 225000
D31: Rambu Peringatan | H31: Bh | I31: =BV!O33 -> 3 | J31: ='[2]K3 Gedung'!J93 -> 75000 | K31: =I31*J31 -> 225000
B32: 8 | D32: Konsultasi dengan Ahli terkait Keselamatan Konstruksi:
D33: Ahli Struktur | H33: Oj/Ok | I33: ='[2]K3 Gedung'!I113 -> 3 | J33: ='[2]K3 Gedung'!J113 -> 1000000 | K33: =I33*J33 -> 3000000
B34: 9 | D34: Lain- Lain Terkait Pengendalian Risiko Keselamatan Konstruksi:
D35: Bendera K3 | H35: Bh | I35: =BV!O36 -> 1 | J35: ='[2]K3 Gedung'!J132 -> 100000 | K35: =I35*J35 -> 100000
H36: Jumlah I | K36: =SUM(K13:K35) -> 50900000
B37: II | D37: PEKERJAAN PENDAHULUAN
B38: 1 | D38: Pembersihan Lapangan | H38: m² | I38: =BV!O41 -> 384 | J38: =[2]AHSP!D32 -> 17985 | K38: =I38*J38 -> 6906240
B39: 2 | D39: Pembongkaran Bangunan Eksisting | H39: m³ | I39: =BV!O40 -> 57.6 | J39: =[2]AHSP!D193 -> 107289.6 | K39: =I39*J39 -> 6179881
B40: 3 | D40: Pemasangan Papan Proyek | H40: Bh | I40: =BV!O42 -> 1 | J40: =[2]AHSP!D24 -> 605764.5 | K40: =I40*J40 -> 605764.5
B41: 4 | D41: Pemasangan Pagar Sementara | H41: m¹ | I41: =BV!O43 -> 81.2 | J41: =[2]AHSP!D15 -> 470311.64 | K41: =I41*J41 -> 38189305
B42: 5 | D42: Pembuatan Kantor Direksi Keet | H42: m² | I42: =BV!O46 -> 16 | J42: =[2]AHSP!D26 -> 2525219.2 | K42: =I42*J42 -> 40403507
B43: 6 | D43: Pengukuran dan Pemasangan Bowplank | H43: m¹ | I43: =BV!O47 -> 218 | J43: =[2]AHSP!D52 -> 66724.35 | K43: =I43*J43 -> 14545908
H44: Jumlah II | K44: =SUM(K38:K43) -> 1.0683061e+08
B45: III | D45: PEKERJAAN TANAH
B46: 1 | D46: Galian Tanah | H46: m³ | I46: =BV!O59 -> 74.3535 | J46: =[2]AHSP!D70 -> 82793.7 | K46: =I46*J46 -> 6156001.4
B47: 2 | D47: Urugan Kembali Galian | H47: m³ | I47: =BV!O61 -> 24.7845 | J47: =[2]AHSP!D130 -> 89925 | K47: =I47*J47 -> 2228746.2
B48: 3 | D48: Urugan dengan Tanah Urug | H48: m³ | I48: =BV!O62 -> 384 | J48: =[2]AHSP!D133 -> 142230 | K48: =I48*J48 -> 54616320
B49: 4 | D49: Pemadatan Tanah | H49: m³ | I49: =BV!O63 -> 384 | J49: =[2]AHSP!D137 -> 89925 | K49: =I49*J49 -> 34531200
B50: 5 | D50: Urugan Pasir Di Bawah Pondasi | H50: m³ | I50: =BV!O73 -> 17.558125 | J50: =[2]AHSP!D131 -> 317955 | K50: =I50*J50 -> 5582693.6
H51: Jumlah III | K51: =SUM(K46:L50) -> 1.0311496e+08
B52: IV | D52: PEKERJAAN STRUKTUR
B53: 1 | D53: Mini Pile 20 x 20 cm
D54: =BV!C75 -> Pengadaan Minipile 20x20 cm | H54: m¹ | I54: =BV!O75 -> 864 | J54: ='[2]Analisa Tambahan'!J20 -> 350196.55 | K54: =I54*J54 -> 3.0256982e+08
D55: =BV!C76 -> Penetrasi Minipile 20x20 cm | H55: m¹ | I55: =BV!O75 -> 864 | J55: =[2]AHSP!D340 -> 116909.96 | K55: =I55*J55 -> 1.010102e+08
D56: =BV!C77 -> Penyambungan Tiang Pancang Pre-Cast 20x20 cm | H56: bh | I56: =BV!O77 -> 72 | J56: ='[2]Analisa Tambahan'!J39 -> 185852.48 | K56: =I56*J56 -> 13381379
B57: 2 | D57: =BV!C89 -> Pondasi Pile Cap Uk. 600 x 600 x 500 mm (P1)
D58: Pembesian | H58: Kg | I58: =BV!O115 -> 45.321998 | J58: =[2]AHSP!D219 -> 22481.964 | K58: =I58*J58 -> 1018927.5
D59: Cor Beton fc' 25 Mpa Ready Mix | H59: m³ | I59: =BV!O116 -> 0.36 | J59: =[2]AHSP!D266 -> 2343759 | K59: =I59*J59 -> 843753.24
D60: Bekisting Bata Merah | H60: m² | I60: =BV!O117 -> 2.4 | J60: =[2]AHSP!D233 -> 195485.4 | K60: =I60*J60 -> 469164.96
B61: 3 | D61: =BV!C119 -> Pondasi Pile Cap Uk. 600 x 1200 x 500 mm (P2)
D62: Pembesian | H62: Kg | I62: =BV!O145 -> 282.55921 | J62: =[2]AHSP!D219 -> 22481.964 | K62: =I62*J62 -> 6352486
D63: Cor Beton fc' 25 Mpa Ready Mix | H63: m³ | I63: =BV!O146 -> 1.8 | J63: =[2]AHSP!D266 -> 2343759 | K63: =I63*J63 -> 4218766.2
D64: Bekisting Bata Merah | H64: m² | I64: =BV!O147 -> 9 | J64: =[2]AHSP!D233 -> 195485.4 | K64: =I64*J64 -> 1759368.6
B65: 4 | D65: =BV!C149 -> Pondasi Pile Cap Uk. 1200 x 1200 x 500 mm (P3)
D66: Pembesian | H66: Kg | I66: =BV!O175 -> 1211.3163 | J66: =[2]AHSP!D219 -> 22481.964 | K66: =I66*J66 -> 27232770
D67: Cor Beton fc' 25 Mpa Ready Mix | H67: m³ | I67: =BV!O176 -> 6.48 | J67: =[2]AHSP!D266 -> 2343759 | K67: =I67*J67 -> 15187558
D68: Bekisting Bata Merah | H68: m² | I68: =BV!O177 -> 21.6 | J68: =[2]AHSP!D233 -> 195485.4 | K68: =I68*J68 -> 4222484.6
B69: 5 | D69: =BV!C179 -> Pondasi Pile Cap Uk. 1200 x 1200 x 500 mm (P4)
D70: Pembesian | H70: Kg | I70: =BV!O205 -> 636.69592 | J70: =[2]AHSP!D219 -> 22481.964 | K70: =I70*J70 -> 14314175
D71: Cor Beton fc' 25 Mpa Ready Mix | H71: m³ | I71: =BV!O206 -> 5.04 | J71: =[2]AHSP!D266 -> 2343759 | K71: =I71*J71 -> 11812545
D72: Bekisting Bata Merah | H72: m² | I72: =BV!O207 -> 16.8 | J72: =[2]AHSP!D233 -> 195485.4 | K72: =I72*J72 -> 3284154.7
B73: 6 | D73: =BV!C209 -> Pondasi Pile Cap Uk. 1450 x 1450 x 500 mm (P5)
D74: Pembesian | H74: Kg | I74: =BV!O235 -> 141.91516 | J74: =[2]AHSP!D219 -> 22481.964 | K74: =I74*J74 -> 3190531.4
D75: Cor Beton fc' 25 Mpa Ready Mix | H75: m³ | I75: =BV!O236 -> 1.05125 | J75: =[2]AHSP!D266 -> 2343759 | K75: =I75*J75 -> 2463876.6
D76: Bekisting Bata Merah | H76: m² | I76: =BV!O237 -> 2.9 | J76: =[2]AHSP!D233 -> 195485.4 | K76: =I76*J76 -> 566907.66
B77: 7 | D77: =BV!C239 -> Pondasi Pile Cap Uk. 600 x 1200 x 500 mm (P6)
D78: Pembesian | H78: Kg | I78: =BV!O265 -> 113.02368 | J78: =[2]AHSP!D219 -> 22481.964 | K78: =I78*J78 -> 2540994.4
D79: Cor Beton fc' 25 Mpa Ready Mix | H79: m³ | I79: =BV!O266 -> 0.72 | J79: =[2]AHSP!D266 -> 2343759 | K79: =I79*J79 -> 1687506.5
D80: Bekisting Bata Merah | H80: m² | I80: =BV!O267 -> 3.6 | J80: =[2]AHSP!D233 -> 195485.4 | K80: =I80*J80 -> 703747.44
B81: 8 | D81: =BV!C270 -> Sloof Uk. 300 x 400 mm (1-G1)
D82: Pembesian | H82: Kg | I82: =BV!O295 -> 5794.0335 | J82: =[2]AHSP!D219 -> 22481.964 | K82: =I82*J82 -> 1.3026125e+08
D83: Cor Beton fc' 25 Mpa Ready Mix | H83: m³ | I83: =BV!O296 -> 21.96 | J83: =[2]AHSP!D266 -> 2343759 | K83: =I83*J83 -> 51468948
D84: Bekisting | H84: m² | I84: =BV!O297 -> 146.4 | J84: ='[2]Analisa 16'!H23 -> 172591.54 | K84: =I84*J84 -> 25267401
B85: 9 | D85: =BV!C299 -> Sloof Uk. 250 x 300 mm (1-B2)
D86: Pembesian | H86: Kg | I86: =BV!O326 -> 1866.7373 | J86: =[2]AHSP!D219 -> 22481.964 | K86: =I86*J86 -> 41967921
D87: Cor Beton fc' 25 Mpa Ready Mix | H87: m³ | I87: =BV!O327 -> 5.25 | J87: =[2]AHSP!D266 -> 2343759 | K87: =I87*J87 -> 12304735
D88: Bekisting | H88: m² | I88: =BV!O328 -> 42 | J88: ='[2]Analisa 16'!H23 -> 172591.54 | K88: =I88*J88 -> 7248844.7
B89: 10 | D89: Lantai Beton Tebal 120 mm
D90: Pembesian | H90: Kg | I90: =BV!O354 -> 6441.3498 | J90: =[2]AHSP!D219 -> 22481.964 | K90: =I90*J90 -> 1.4481419e+08
D91: Cor Beton fc' 25 Mpa Ready Mix | H91: m³ | I91: =BV!O355 -> 39.6 | J91: =[2]AHSP!D266 -> 2343759 | K91: =I91*J91 -> 92812856
D92: Bekisting | H92: m² | I92: =BV!O356 -> 79.2 | J92: ='[2]Analisa 16'!H86 -> 148902.82 | K92: =I92*J92 -> 11793103
B93: 11 | D93: =BV!C358 -> Kolom Uk. 350 x 350 mm (1-K1)
D94: Pembesian | H94: Kg | I94: =BV!O381 -> 805.2723 | J94: =[2]AHSP!D219 -> 22481.964 | K94: =I94*J94 -> 18104103
D95: Cor Beton fc' 25 Mpa Ready Mix | H95: m³ | I95: =BV!O382 -> 3.675 | J95: =[2]AHSP!D266 -> 2343759 | K95: =I95*J95 -> 8613314.3
D96: Bekisting | H96: m² | I96: =BV!O383 -> 42 | J96: ='[2]Analisa 16'!H44 -> 157809.41 | K96: =I96*J96 -> 6627995.2
B97: 12 | D97: =BV!C385 -> Kolom Uk. 350 x 350 mm (1-K2)
D98: Pembesian | H98: Kg | I98: =BV!O672 -> 388.5035 | J98: =[2]AHSP!D219 -> 22481.964 | K98: =I98*J98 -> 8734321.7
D99: Cor Beton fc' 25 Mpa Ready Mix | H99: m³ | I99: =BV!O673 -> 1.96 | J99: =[2]AHSP!D266 -> 2343759 | K99: =I99*J99 -> 4593767.6
D100: Bekisting | H100: m² | I100: =BV!O674 -> 22.4 | J100: ='[2]Analisa 16'!H44 -> 157809.41 | K100: =I100*J100 -> 3534930.8
B101: 13 | D101: =BV!C412 -> Kolom Uk. 350 x 350 mm (1-K3)
D102: Pembesian | H102: Kg | I102: =BV!O435 -> 277.89354 | J102: =[2]AHSP!D219 -> 22481.964 | K102: =I102*J102 -> 6247592.5
D103: Cor Beton fc' 25 Mpa Ready Mix | H103: m³ | I103: =BV!O436 -> 0.6125 | J103: =[2]AHSP!D266 -> 2343759 | K103: =I103*J103 -> 1435552.4
...

Sheet BV
A1: BACKUP VOLUME
A4: Kegiatan | E4: =Rekap!F3 -> : Penyelenggaraan Bangunan Gedung Di Wilayah Daerah Kabupaten/Kota
A5: Pekerjaan | E5: =Rekap!F4 -> : Perencanaan Kantor Kelurahan Sambaliung Kab. Berau
A6: Lokasi | E6: =Rekap!F5 -> : Kab. Berau
A9: NO. | B9: URAIAN KEGIATAN | F9: PANJANG | G9: LEBAR | H9: TINGGI | I9: TITIK | J9: JUMLAH | K9: KOEF. | L9: LUAS | M9: LUAS 2 | N9: SAT. | O9: VOLUME
A10: 1 | B10: 2 | F10: 3 | G10: 4 | H10: 5 | I10: 6 | J10: 7 | K10: 8 | L10: 9 | M10: 10 | N10: 11 | O10: 12
A13: A | C13: KELURAHAN SAMBALIUNG
A14: I | C14: PENYELENGGARAAN SMKK
A15: 1 | C15: Penyiapan RKK, RKPPL, dan RMLLP | J15: 1 | N15: Ls | O15: =J15 -> 1
A16: 2 | C16: Sosialisasi, Promosi, dan Pelatihan:
C17: Induksi Keselamatan Konstruksi (Safety Induction) | J17: 25 | N17: Org | O17: =J17 -> 25
C18: Pengarahan Keselamatan Konstruksi (Safety Briefing) | J18: 25 | N18: Org | O18: =J18 -> 25
C19: Pertemuan keselamatan (Safety Talk dan/atau Tool Box Meeting) | J19: 25 | N19: Org | O19: =J19 -> 25
A20: 3 | C20: Alat Pelindung Kerja dan Alat Pelindung Diri
C21: Topi Pelindung (Safety Helmet) | J21: 25 | N21: Bh | O21: =J21 -> 25
C22: Sarung Tangan (Safety Gloves) | J22: 25 | N22: Psg | O22: =J22 -> 25
C23: Sepatu Keselamatan (Safety Shoes, Rubber Safety Shoes and Toe Cap) | J23: 25 | N23: Psg | O23: =J23 -> 25
C24: Rompi keselamatan (Safety Vest) | J24: 25 | N24: Bh | O24: =J24 -> 25
A25: 4 | C25: Asuransi dan Perizinan Terkait Keselamatan Konstruksi: | J25: 1 | N25: Ls | O25: =J25 -> 1
A26: 5 | C26: Personel Keselamatan Konstruksi :
C27: Petugas K3 Konstruksi | J27: 1 | N27: Org | O27: =J27 -> 1
A28: 6 | C28: Fasilitas, Sarana dan Prasarana Kesehatan:
C29: Peralatan P3K | J29: 1 | N29: Bh | O29: =J29 -> 1
A30: 7 | C30: Rambu dan Perlengkapan Lalu Lintas yang Diperlukan atau Manajemen lalu lintas:
C31: Rambu Petunjuk | J31: 3 | N31: Bh | O31: =J31 -> 3
C32: Rambu Larangan | J32: 3 | N32: Bh | O32: =J32 -> 3
C33: Rambu Peringatan | J33: 3 | N33: Bh | O33: =J33 -> 3
A34: 8 | C34: Konsultasi dengan Ahli terkait Keselamatan Konstruksi: | J34: 1 | N34: Ls | O34: =J34 -> 1
A35: 9 | C35: Lain- Lain Terkait Pengendalian Risiko Keselamatan Konstruksi:
C36: Bendera K3 | J36: 1 | N36: Bh | O36: =J36 -> 1
A39: II | C39: PEKERJAAN PENDAHULUAN
A40: 1 | C40: Pembongkaran Eksisting | F40: =F41 -> 25.6 | G40: =G41 -> 15 | J40: 0.15 | N40: M3 | O40: =F40*G40*J40 -> 57.6
A41: 2 | C41: Pembersihan Lapangan | F41: 25.6 | G41: 15 | N41: m² | O41: =F41*G41 -> 384
A42: 3 | C42: Pemasangan Papan Proyek | J42: 1 | N42: Bh | O42: =J42 -> 1
A43: 4 | C43: Pemasangan Pagar Sementara | F43: =(F41+G41)*2 -> 81.2 | N43: m¹ | O43: =F43 -> 81.2
A46: 5 | C46: Pembuatan Kantor Direksi Keet | F46: 4 | G46: 4 | N46: m² | O46: =F46*G46 -> 16
A47: 6 | C47: Pengukuran dan Pemasangan Bowplank | F47: =(25.6*5)+(15*6) -> 218 | N47: m¹ | O47: =F47 -> 218
A50: III | C50: PEKERJAAN TANAH
A51: 1 | C51: Galian Tanah
C52: Galian Tanah Pondasi P1 | F52: 0.6 | G52: 0.6 | H52: 1.8 | J52: 2 | N52: m³ | O52: =F52*G52*H52*J52 -> 1.296
C53: Galian Tanah Pondasi P2 | F53: 0.6 | G53: 1.2 | H53: =H52 -> 1.8 | J53: 5 | N53: m³ | O53: =F53*G53*H53*J53 -> 6.48
C54: Galian Tanah Pondasi P3 | F54: 1.2 | G54: 1.2 | H54: =H53 -> 1.8 | J54: 9 | N54: m³ | O54: =F54*G54*H54*J54 -> 23.328
C55: Galian Tanah Pondasi P4 | F55: 1.2 | G55: 1.2 | H55: =H54 -> 1.8 | J55: 7 | N55: m³ | O55: =F55*G55*H55*J55 -> 18.144
C56: Galian Tanah Pondasi P5 | F56: 1.45 | G56: 1.45 | H56: =H55 -> 1.8 | J56: 1 | N56: m³ | O56: =F56*G56*H56*J56 -> 3.7845
C57: Galian Tanah Pondasi P6 | F57: 0.6 | G57: 0.6 | H57: =H56 -> 1.8 | J57: 2 | N57: m³ | O57: =F57*G57*H57*J57 -> 1.296
C58: Galian Tanah Pondasi Menerus | F58: =44+45 -> 89 | G58: =0.9 -> 0.9 | H58: 0.5 | J58: 1 | K58: 0.5 | N58: m³ | O58: =F58*G58*H58*J58*K58 -> 20.025
L59: Total Pek. Galian | N59: m³ | O59: =SUM(O52,O53,O54,O55,O56,O57,O58) -> 74.3535
A61: 2 | C61: Urugan Kembali Galian | K61: =1/3 -> 0.33333333 | L61: =O59 -> 74.3535 | N61: m³ | O61: =K61*L61 -> 24.7845
A62: 3 | C62: Urugan dengan Tanah Urug | F62: =F41 -> 25.6 | G62: =G41 -> 15 | H62: 1 | N62: m³ | O62: =F62*G62*H62 -> 384
A63: 4 | C63: Pemadatan Tanah | N63: m³ | O63: =O62 -> 384
A65: 5 | C65: Urugan Pasir Di Bawah Pondasi | N65: m³
C66: Pondasi P1 | F66: =F52 -> 0.6 | G66: =G52 -> 0.6 | H66: 0.25 | J66: =J52 -> 2 | N66: m³ | O66: =F66*G66*H66*J66 -> 0.18
C67: Pondasi P2 | F67: =F53 -> 0.6 | G67: =G53 -> 1.2 | H67: 0.25 | J67: =J53 -> 5 | N67: m³ | O67: =F67*G67*H67*J67 -> 0.9
C68: Pondasi P3 | F68: =F54 -> 1.2 | G68: =G54 -> 1.2 | H68: 0.25 | J68: =J54 -> 9 | N68: m³ | O68: =F68*G68*H68*J68 -> 3.24
C69: Pondasi P4 | F69: =F55 -> 1.2 | G69: =G55 -> 1.2 | H69: 0.25 | J69: =J55 -> 7 | N69: m³ | O69: =F69*G69*H69*J69 -> 2.52
C70: Pondasi P5 | F70: =F56 -> 1.45 | G70: =G56 -> 1.45 | H70: 0.25 | J70: =J56 -> 1 | N70: m³ | O70: =F70*G70*H70*J70 -> 0.525625
C71: Pondasi P6 | F71: =F57 -> 0.6 | G71: =G57 -> 0.6 | H71: 0.25 | J71: =J57 -> 2 | N71: m³ | O71: =F71*G71*H71*J71 -> 0.18
C72: Pondasi Menerus | F72: =F58 -> 89 | G72: =0.9 -> 0.9 | H72: 0.25 | J72: 1 | K72: 0.5 | N72: m³ | O72: =F72*G72*H72*J72*K72 -> 10.0125
M73: Total | N73: m³ | O73: =SUM(O66:O72) -> 17.558125
A75: 6 | C75: Pengadaan Minipile 20x20 cm | F75: 12 | J75: =(J66*1)+(J67*2)+(J68*3)+(J69*4)+(J70*5)+(J71*0) -> 72 | N75: m¹ | O75: =F75*J75 -> 864
C76: Penetrasi Minipile 20x20 cm
C77: Penyambungan Tiang Pancang Pre-Cast 20x20 cm | O77: =J75 -> 72
A80: IV | C80: PEKERJAAN STRUKTUR
A81: 1 | C81: Cerucuk Kayu Kelas 1 Uk. 100 x 100 mm
C82: Pengadaan dan Pemancangan Kayu Kelas 1 Uk. 100 x 100 mm | F82: 2 | G82: 0.1 | H82: 0.1 | J82: =ROUNDUP(F72/1,0) -> 89 | N82: m³ | O82: =F82*G82*H82*J82 -> 1.78
A84: 2 | C84: Pondasi Batu Gunung
C85: Aanstamping | F85: =F72 -> 89 | G85: 0.9 | H85: 0.1 | N85: m³ | O85: =F85*G85*H85 -> 8.01
C86: Pas. Batu Gunung | F86: =F85 -> 89 | G86: =0.6+0.3 -> 0.9 | H86: 0.6 | K86: 0.5 | N86: m³ | O86: =F86*G86*H86*K86 -> 24.03
A89: 3 | C89: Pondasi Pile Cap Uk. 600 x 600 x 500 mm (P1)
C108: Pembesian Pondasi Pile Cap
C109: Pembesian Tul. Atas 1 | F109: =F116*1.05 -> 0.63 | I109: =J116 -> 2 | J109: =ROUNDUP((G116)/0.4,0) -> 2 | K109: =0.006165*13*13*1 -> 1.041885 | N109: Kg | O109: =F109*J109*K109*I109 -> 2.6255502
C110: Pembesian Tul. Atas 2 | F110: =G116*1.1 -> 0.66 | I110: =J117 -> 2 | J110: =ROUNDUP((F116)/0.4,0) -> 2 | K110: =0.006165*13*13*1 -> 1.041885 | N110: Kg | O110: =F110*J110*K110*I110 -> 2.7505764
C111: Pembesian Tul. Bawah 1 | F111: =F116*1.1 -> 0.66 | I111: =I109 -> 2 | J111: =ROUNDUP((G116)/0.25,0) -> 3 | K111: =0.006165*13*13*1 -> 1.041885 | N111: Kg | O111: =F111*J111*K111*I111 -> 4.1258646
C112: Pembesian Tul. Bawah 2 | F112: =G116*1.1 -> 0.66 | I112: =I110 -> 2 | J112: =ROUNDUP((F116)/0.25,0) -> 3 | K112: =0.006165*13*13*1 -> 1.041885 | N112: Kg | O112: =F112*J112*K112*I112 -> 4.1258646
C113: Pembesian Tul. Horizontal | F113: =((F116-0.04)+(G116-0.04)+0.05)*2 -> 2.34 | I113: =I111 -> 2 | J113: =ROUNDUP((H116)/0.15,0) -> 4 | K113: =0.006165*13*13*1 -> 1.041885 | N113: Kg | O113: =F113*J113*K113*I113 -> 19.504087
C114: Pembesian Tul. Samping | F114: =F113 -> 2.34 | I114: 1 | J114: =ROUNDUP(((F116+G116)*2)/H116,0) -> 5 | K114: =0.006165*13*13*1 -> 1.041885 | N114: Kg | O114: =F114*J114*K114*I114 -> 12.190055
M115: Total | N115: Kg | O115: =SUM(O109:O114) -> 45.321998
C116: Cor Beton Mutu fc' 25 Mpa | F116: 0.6 | G116: 0.6 | H116: 0.5 | J116: =J66 -> 2 | N116: m³ | O116: =F116*G116*H116*J116 -> 0.36
C117: Bekisting | F117: =(F116+G116)*2 -> 2.4 | H117: =H116 -> 0.5 | J117: =J116 -> 2 | N117: m² | O117: =F117*H117*J117 -> 2.4
A119: 4 | C119: Pondasi Pile Cap Uk. 600 x 1200 x 500 mm (P2)
C138: Pembesian Pondasi Pile Cap
C139: Pembesian Tul. Atas 1 | F139: =F146*1.05 -> 1.26 | I139: =J146 -> 5 | J139: =ROUNDUP((G146)/0.4,0) -> 2 | K139: =0.006165*13*13*1 -> 1.041885 | N139: Kg | O139: =F139*J139*K139*I139 -> 13.127751
C140: Pembesian Tul. Atas 2 | F140: =G146*1.1 -> 0.66 | I140: =J147 -> 5 | J140: =ROUNDUP((F146)/0.4,0) -> 3 | K140: =0.006165*13*13*1 -> 1.041885 | N140: Kg | O140: =F140*J140*K140*I140 -> 10.314662
C141: Pembesian Tul. Bawah 1 | F141: =F146*1.1 -> 1.32 | I141: =I139 -> 5 | J141: =ROUNDUP((G146)/0.25,0) -> 3 | K141: =0.006165*13*13*1 -> 1.041885 | N141: Kg | O141: =F141*J141*K141*I141 -> 20.629323
C142: Pembesian Tul. Bawah 2 | F142: =G146*1.1 -> 0.66 | I142: =I140 -> 5 | J142: =ROUNDUP((F146)/0.25,0) -> 5 | K142: =0.006165*13*13*1 -> 1.041885 | N142: Kg | O142: =F142*J142*K142*I142 -> 17.191103
C143: Pembesian Tul. Horizontal | F143: =((F146-0.04)+(G146-0.04)+0.05)*2 -> 3.54 | I143: =I141 -> 5 | J143: =ROUNDUP((H146)/0.15,0) -> 4 | K143: =0.006165*13*13*1 -> 1.041885 | N143: Kg | O143: =F143*J143*K143*I143 -> 73.765458
C144: Pembesian Tul. Samping | F144: =F143 -> 3.54 | I144: =J146 -> 5 | J144: =ROUNDUP(((F146+G146)*2)/H146,0) -> 8 | K144: =0.006165*13*13*1 -> 1.041885 | N144: Kg | O144: =F144*J144*K144*I144 -> 147.53092
M145: Total | N145: Kg | O145: =SUM(O139:O144) -> 282.55921
C146: Cor Beton Mutu fc' 25 Mpa | F146: 1.2 | G146: 0.6 | H146: 0.5 | J146: =J67 -> 5 | N146: m³ | O146: =F146*G146*H146*J146 -> 1.8
C147: Bekisting | F147: =(F146+G146)*2 -> 3.6 | H147: =H146 -> 0.5 | J147: =J146 -> 5 | N147: m² | O147: =F147*H147*J147 -> 9
A149: 5 | C149: Pondasi Pile Cap Uk. 1200 x 1200 x 500 mm (P3)
C168: Pembesian Pondasi Pile Cap
C169: Pembesian Tul. Atas 1 | F169: =F176*1.05 -> 1.26 | I169: =J176 -> 9 | J169: =(ROUNDUP((G176)/0.4,0))*3 -> 9 | K169: =0.006165*13*13*1 -> 1.041885 | N169: Kg | O169: =F169*J169*K169*I169 -> 106.33478
C170: Pembesian Tul. Atas 2 | F170: =G176*1.1 -> 1.32 | I170: =J177 -> 9 | J170: =(ROUNDUP((F176)/0.4,0))*3 -> 9 | K170: =0.006165*13*13*1 -> 1.041885 | N170: Kg | O170: =F170*J170*K170*I170 -> 111.39834
C171: Pembesian Tul. Bawah 1 | F171: =F176*1.1 -> 1.32 | I171: =I169 -> 9 | J171: =(ROUNDUP((G176)/0.25,0))*3 -> 15 | K171: =0.006165*13*13*1 -> 1.041885 | N171: Kg | O171: =F171*J171*K171*I171 -> 185.66391
C172: Pembesian Tul. Bawah 2 | F172: =G176*1.1 -> 1.32 | I172: =I170 -> 9 | J172: =(ROUNDUP((F176)/0.25,0))*3 -> 15 | K172: =0.006165*13*13*1 -> 1.041885 | N172: Kg | O172: =F172*J172*K172*I172 -> 185.66391
C173: Pembesian Tul. Horizontal | F173: =((F176-0.04)+(G176-0.04)+0.05)*2 -> 4.74 | I173: =I171 -> 9 | J173: =ROUNDUP((H176)/0.15,0) -> 4 | K173: =0.006165*13*13*1 -> 1.041885 | N173: Kg | O173: =F173*J173*K173*I173 -> 177.78726
C174: Pembesian Tul. Samping | F174: =F173 -> 4.74 | I174: =J176 -> 9 | J174: =ROUNDUP(((F176+G176)*2)/H176,0) -> 10 | K174: =0.006165*13*13*1 -> 1.041885 | N174: Kg | O174: =F174*J174*K174*I174 -> 444.46814
M175: Total | N175: Kg | O175: =SUM(O169:O174) -> 1211.3163
C176: Cor Beton Mutu fc' 25 Mpa | F176: 1.2 | G176: 1.2 | H176: 0.5 | J176: =J68 -> 9 | N176: m³ | O176: =F176*G176*H176*J176 -> 6.48
...
