Workbook
Name _: #REF!
Name _____________________________DIV11: #REF!
Name _____________________________EEE02: #REF!
Name _____________________________EEE05: #REF!
Name _____________________________EEE06: #REF!
Name _____________________________EEE07: #REF!
Name _____________________________EEE08: #REF!
Name _____________________________EEE09: #REF!
Name _____________________________EEE10: #REF!
Name _____________________________EEE11: #REF!
Name _____________________________EEE13: #REF!
Name _____________________________EEE15: #REF!
Name _____________________________EEE16: #REF!
Name _____________________________EEE17: #REF!
Name _____________________________EEE22: #REF!
Name _____________________________EEE23: #REF!
Name _____________________________EEE27: #REF!
Name _____________________________EEE29: #REF!
Name _____________________________MMM19: #REF!
Name ____________________________DIV11: #REF!
Name ____________________________EEE02: #REF!
Name ____________________________EEE05: #REF!
Name ____________________________EEE06: #REF!
Name ____________________________EEE07: #REF!
Name ____________________________EEE08: #REF!
Name ____________________________EEE09: #REF!
Name ____________________________EEE10: #REF!
Name ____________________________EEE11: #REF!
Name ____________________________EEE13: #REF!
Name ____________________________EEE15: #REF!
Name ____________________________EEE16: #REF!
Name ____________________________EEE17: #REF!
Name ____________________________EEE19: #REF!
Name ____________________________EEE22: #REF!
Name ____________________________EEE23: #REF!
Name ____________________________EEE27: #REF!
Name ____________________________EEE29: #REF!
Name ____________________________EEE31: #REF!
Name ____________________________MMM19: #REF!
Name ___________________________DIV1: #REF!
Name ___________________________DIV10: #REF!
Name ___________________________DIV11: #REF!
Name ___________________________DIV2: #REF!
Name ___________________________DIV5: #REF!
Name ___________________________DIV7: #REF!
Name ___________________________DIV8: #REF!
Name ___________________________DIV9: #REF!
Name ___________________________EEE02: #REF!
Name ___________________________EEE05: #REF!
Name ___________________________EEE06: #REF!
Name ___________________________EEE07: #REF!
Name ___________________________EEE08: #REF!
Name ___________________________EEE09: #REF!
Name ___________________________EEE10: #REF!
Name ___________________________EEE11: #REF!
Name ___________________________EEE13: #REF!
Name ___________________________EEE15: #REF!
Name ___________________________EEE16: #REF!
Name ___________________________EEE17: #REF!
Name ___________________________EEE19: #REF!

Sheet UPAH
A1: UPAH PEKERJA
A4: No. | B4: Tenaga Kerja | G4: Kode | H4: Satuan | I4: Harga Satuan (Rp.) | K4: Keterangan | M4: Jam Kerja Eff. | N4: 8
A6: 1 | C6: Pekerja | G6: L.01 | H6: OH | I6: =TRUNC(J6/$N$4,-2) -> 22000 | J6: 176000
A7: =A6+1 -> 2 | C7: Pekerja Anyam | G7: L.01 | H7: OH | I7: =TRUNC(J7/$N$4,-2) -> 22000 | J7: 176000
A8: 3 | C8: Pekerja Pengisi Batu | G8: L.01 | H8: OH | I8: =TRUNC(J8/$N$4,-2) -> 22000 | J8: 176000
A9: =A8+1 -> 4 | C9: Tukang | G9: L.02 | H9: OH | I9: =TRUNC(J9/$N$4,-2) -> 23200 | J9: 186000
A10: 5 | C10: Tukang Gali | G10: L.02 | H10: OH | I10: =TRUNC(J10/$N$4,-2) -> 23200 | J10: 186000
A11: =A10+1 -> 6 | C11: Tukang Batu | G11: L.02 | H11: OH | I11: =TRUNC(J11/$N$4,-2) -> 23200 | J11: 186000
A12: 7 | C12: Tukang Kayu | G12: L.02 | H12: OH | I12: =TRUNC(J12/$N$4,-2) -> 23200 | J12: 186000
A13: =A12+1 -> 8 | C13: Tukang Besi | G13: L.02 | H13: OH | I13: =TRUNC(J13/$N$4,-2) -> 23200 | J13: 186000
A14: 9 | C14: Tukang Besi Konstruksi | G14: L.02 | H14: OH | I14: =TRUNC(J14/$N$4,-2) -> 23200 | J14: 186000
A15: =A14+1 -> 10 | C15: Tukang Alumunium | G15: L.02 | H15: OH | I15: =TRUNC(J15/$N$4,-2) -> 23200 | J15: 186000
A16: 11 | C16: Tukang pelitur | G16: L.02 | H16: OH | I16: =TRUNC(J16/$N$4,-2) -> 23200 | J16: 186000
A17: =A16+1 -> 12 | C17: Tukang Cat | G17: L.02 | H17: OH | I17: =TRUNC(J17/$N$4,-2) -> 23200 | J17: 186000
A18: 13 | C18: Tukang Pipa | G18: L.02 | H18: OH | I18: =TRUNC(J18/$N$4,-2) -> 23200 | J18: 186000
A19: =A18+1 -> 14 | C19: Tukang Pengayam Bronjong | G19: L.02 | H19: OH | I19: =TRUNC(J19/$N$4,-2) -> 23200 | J19: 186000
A20: 15 | C20: Tukang Tebas | G20: L.02 | H20: OH | I20: =TRUNC(J20/$N$4,-2) -> 23200 | J20: 186000
A21: =A20+1 -> 16 | C21: Tukang Vibrator | G21: L.02 | H21: OH | I21: =TRUNC(J21/$N$4,-2) -> 23200 | J21: 186000
A22: 17 | C22: Tukang Listrik | G22: L.02 | H22: OH | I22: =TRUNC(J22/$N$4,-2) -> 23200 | J22: 186000
A23: =A22+1 -> 18 | C23: Tukang Ereksi | G23: L.02 | H23: OH | I23: =TRUNC(J23/$N$4,-2) -> 23200 | J23: 186000
A24: 19 | C24: Tukang Las | G24: L.02 | H24: OH | I24: =TRUNC(J24/$N$4,-2) -> 23200 | J24: 186000
A25: =A24+1 -> 20 | C25: Tukang Las Konstruksi | G25: L.02 | H25: OH | I25: =TRUNC(J25/$N$4,-2) -> 23200 | J25: 186000
A26: 11 | C26: Tukang penganyam bronjong | G26: L.02 | H26: OH | I26: =TRUNC(J26/$N$4,-2) -> 23200 | J26: 186000
A27: 21 | C27: Kepala Tukang | G27: L.03 | H27: OH | I27: =TRUNC(J27/$N$4,-2) -> 24500 | J27: 196000
A28: 22 | C28: Mandor | G28: L.04 | H28: OH | I28: =TRUNC(J28/$N$4,-2) -> 25700 | J28: =J9+20000 -> 206000
A29: 23 | C29: Juru Ukur | G29: L.05 | H29: OH | I29: =TRUNC(J29/$N$4,-2) -> 27000 | J29: 216000
A30: 24 | C30: Pembantu Juru Ukur | G30: L.06 | H30: OH | I30: =TRUNC(J30/$N$4,-2) -> 25700 | J30: 206000
A31: =A30+1 -> 25 | C31: Ahli Alat Berat ( Mekanik ) | G31: L.07 | H31: OH | I31: =TRUNC(J31/$N$4,-2) -> 27000 | J31: 216000
A32: 26 | C32: Operator Alat Berat | G32: L.08 | H32: OH | I32: =TRUNC(J32/$N$4,-2) -> 27000 | J32: 216000
A33: =A32+1 -> 27 | C33: Pembantu Operator | G33: L.09 | H33: OH | I33: =TRUNC(J33/$N$4,-2) -> 27000 | J33: 216000
A34: 28 | C34: Operator Alat Pipa | G34: L.08 | H34: OH | I34: =TRUNC(J34/$N$4,-2) -> 27000 | J34: 216000
A35: =A34+1 -> 29 | C35: Sopir Truck | G35: L.10 | H35: OH | I35: =TRUNC(J35/$N$4,-2) -> 27000 | J35: 216000
A36: 30 | C36: Kenek Truk | G36: L.11 | H36: OH | I36: =TRUNC(J36/$N$4,-2) -> 27000 | J36: 216000
A37: 31 | C37: Penjaga Malam | G37: L.12 | H37: OH | I37: =TRUNC(J37/$N$4,-2) -> 27000 | J37: 216000
A38: 32 | C38: Juru Gambar (Drafter) | G38: L.13 | H38: OH | I38: =TRUNC(J38/$N$4,-2) -> 27000 | J38: 216000
A39: 33 | C39: Design Engineer | G39: L.15 | H39: OH | I39: =TRUNC(J39/$N$4,-2) -> 27000 | J39: 216000
A40: 34 | C40: Operator Printer/Plotter | G40: L.16 | H40: OH | I40: =TRUNC(J40/$N$4,-2) -> 27000 | J40: 216000
A41: 35 | C41: Operator crane | G41: L.08 | H41: OH | I41: =TRUNC(J41/$N$4,-2) -> 27000 | J41: 216000
A42: 36 | C42: Pembantu operator crane | G42: L.09 | H42: OH | I42: =TRUNC(J42/$N$4,-2) -> 27000 | J42: 216000
A43: =A42+1 -> 37 | C43: Bor Master | H43: OH | I43: =TRUNC(J43/$N$4,-2) -> 27000 | J43: 216000
A44: 38 | C44: Operator Mesin Bor | H44: OH | I44: =TRUNC(J44/$N$4,-2) -> 27000 | J44: 216000

Sheet BAHAN
A1: HARGA BAHAN ZONA 3
A4: No. | B4: HARGA BAHAN | F4: Satuan | G4: Harga Satuan | H4: Keterangan
A6: 1 | B6: Air | F6: Liter | G6: 100
A7: 2 | B7: Air Kerja | F7: Liter | G7: 100
A8: 3 | B8: Air test (air bersih) | F8: m3 | G8: 0
A9: 4 | B9: Air Bersih / PDAM | F9: Liter | G9: 0
A10: 5 | B10: Akustik 60 x 120 | F10: Lembar | G10: 200000
A11: 6 | B11: Akustik ukuran 30 x 30 cm | F11: Lembar | G11: 150000
A12: 7 | B12: Akustik ukuran 30 x 60 cm | F12: Lembar | G12: 130000
A13: 8 | B13: Alang-alang | F13: Ikat | G13: 1000
A14: 9 | B14: Aluminium Composite Panel | F14: Lbr | G14: 750000
A15: 10 | B15: Aluminium strip | F15: m | G15: 80000
A16: 11 | B16: Alumunium foil | F16: M2 | G16: 53200
A17: 12 | B17: Alumunium gel tbl 0,55 | F17: Lbr | G17: 647800
... A20: 15 | B20: Asbes gelombang 92x200 | F20: Lbr | G20: 76300
A21: 16 | B21: Atap metal | F21: lbr | G21: 148400 | H21: =G21/(0.75*6) -> 32977.778
A22: 17 | B22: Atap metal menerus | F22: lbr | G22: 207300 | H22: =G22/(0.75*6) -> 46066.667
A23: 18 | B23: Assesoris (perkuatan, las dll) | F23: Ls | G23: 50000
A24: 19 | B24: Bahan bakar | F24: liter | G24: 15000
A25: 20 | B25: Bahan tambahan kimia | F25: Liter | G25: 0
A26: 21 | B26: Baut baja | F26: kg | G26: 100000
A27: 22 | B27: Baja ringan canai dingin C75 | F27: M' | G27: 145000
A28: 23 | B28: Baja Ringan C75, t=0,75 mm | F28: M' | G28: 90000
A29: 24 | B29: Baja strip (0,2 x 2) cm | F29: kg | G29: 30200
A30: 25 | B30: Baja tulangan | F30: Kg | G30: 22000
A31: 26 | B31: Bak cuci piring | F31: Unit | G31: 450000
A32: 27 | B32: Bak fibreglass | F32: Unit | G32: 453300
A33: 28 | B33: Balok kayu kelas I | F33: m3 | G33: 6800000
A34: 29 | B34: Balok kayu kelas II | F34: m3 | G34: 5500000
... A46: 41 | B46: Batu granit | F46: Kg | G46: 0
A47: 42 | B47: Batu paras Dinding | F47: Bh | G47: 11880 | I47: =(0.2*0.1)*50 -> 1 | J47: 594000 | K47: =J47/50 -> 11880
A48: 43 | B48: Batu pecah | F48: m3 | G48: 900000
A49: 44 | B49: Batu traso | F49: Kg | G49: 0
A50: 45 | B50: Baut (Srew driver) | F50: bh | G50: 500
A51: 46 | B51: beton K-275 ready mix | F51: m3 | G51: 1935000
A52: 47 | B52: Beton Ready Mixed f'c 15 MPa | F52: m3 | G52: 1855000
A53: 48 | B53: Beton Ready Mixed f'c 17 MPa | F53: m3 | G53: 1865000
A54: 49 | B54: Beton Ready Mixed f'c 20 MPa | F54: m3 | G54: 1890000
A55: 50 | B55: Beton Ready Mixed f'c 21 MPa | F55: m3 | G55: 1897500
A56: 51 | B56: Beton Ready Mixed f'c 25 MPa | F56: m3 | G56: 1935000
A57: 52 | B57: Beton Ready Mixed f'c 28 Mpa | F57: m3 | G57: 1960000
A58: 53 | B58: Beton Ready Mixed f'c 30 Mpa | F58: m3 | G58: 2100000
A59: 54 | B59: Beton Ready Mixed f'c 31 MPa | F59: m3 | G59: 2135000
... A74: 69 | B74: Bubung stel gel. | F74: Lbr | G74: 20000
A75: 70 | B75: Cat dasar Plafond | F75: kg | G75: =G81 -> 133140
A76: 71 | B76: Cat Plafond Eksterior | F76: kg | G76: =G86 -> 310800
A77: 72 | B77: Cat antara | F77: Kg | G77: 65000
A78: 73 | B78: Cat Besi | F78: Kg | G78: 75000
A79: 74 | B79: Cat dasar Besi | F79: Kg | G79: 71400
A80: 75 | B80: Cat dasar Kayu | F80: Kg | G80: 81320
A81: 76 | B81: Cat dasar Tembok | F81: Kg | G81: 133140
A82: 77 | B82: Cat menie | F82: Kg | G82: 44040
A83: 78 | B83: Cat Penutup Kayu | F83: Kg | G83: 65000
A84: 79 | B84: Cat Penutup Tembok | F84: Kg | G84: 131480
A85: 80 | B85: Cat Penutup Interior Mowilex | F85: Kg | G85: 198920
A86: 81 | B86: Cat Penutup Exterior Mowilex | F86: Kg | G86: 310800
A87: 82 | B87: Cariran Perontok Karat | F87: kg | G87: 80000
A88: 83 | B88: Cat Epoxy | F88: kg | G88: 200000
... A92: 87 | B92: dinding batu tempel hitam | F92: Bh | G92: 0
A93: 88 | B93: Dolken kayu Ø 8-10/400 cm | F93: Batang | G93: 21600 | H93: =G93/4 -> 5400
A94: 89 | B94: Door closer | F94: Bh | G94: 471000
A95: 90 | B95: Door holder | F95: Bh | G95: 458300
A96: 91 | B96: Door stop | F96: Bh | G96: 95000
A97: 92 | B97: Dynabol dia 12 x 120 mm | F97: Bh | G97: 11100
A98: 93 | B98: Engsel angin | F98: Bh | G98: 20000
A99: 94 | B99: Engsel kupu-kupu | F99: psg | G99: 140000 | H99: =G99/2 -> 70000
A100: 95 | B100: Engsel pintu | F100: psg | G100: 185000 | H100: =G100/3 -> 61666.667
A101: 96 | B101: Fhiser | F101: bh | G101: 500
A102: 97 | B102: Fitting Lampu | F102: bh | G102: 40720
A103: 98 | B103: Floor Hinge | F103: bh | G103: 100000
A104: 99 | B104: Floor drain | F104: Unit | G104: 421440
A105: 100 | B105: Floor harderner | F105: Kg | G105: 0
A106: 101 | B106: Formika | F106: Lembar | G106: 0
A107: 102 | B107: Flexible hose | F107: Bh | G107: 50000
A108: 103 | B108: Flexible Conduit | F108: m | G108: 2000
A109: 104 | B109: Genteng aspal | F109: Bh | G109: 0
A110: 105 | B110: Genteng beton | F110: Bh | G110: 25900
A111: 106 | B111: Genteng bubung | F111: Bh | G111: 150000
A112: 107 | B112: Genteng kodok | F112: Bh | G112: 5000
... A116: 111 | B116: Gypsum board 12 mm (1200 x 2400 mm) | F116: Lembar | G116: 98000
A117: 112 | B117: Granite tile Polish 60 x 60 | F117: Bh | G117: =H117/4 -> 89000 | H117: 356000
A118: 113 | B118: Granite tile Unpolish 60 x 60 | F118: Bh | G118: =H118/4 -> 75000 | H118: 300000
A119: 114 | B119: Grendel | F119: Bh | G119: 25000
A120: 115 | B120: Grendel Tanam | F120: Bh | G120: 35000
A121: 116 | B121: Listplank GRC lebar 20 cm | F121: m | G121: 25000
A122: 117 | B122: Listplank GRC lebar 30 cm | F122: m | G122: 35000
A123: 118 | B123: Handle Jendela | F123: Bh | G123: 20000
A124: 119 | B124: HB-10 | F124: Bh | G124: 0
A125: 120 | B125: HB-15 | F125: Bh | G125: 0
A126: 121 | B126: HB-20 | F126: Bh | G126: 0
A127: 122 | B127: Isolasi | F127: Bh | G127: 1000
A128: 123 | B128: Ijuk | F128: kg | G128: 100800
A129: 124 | B129: Jaring kawat baja dilas | F129: kg | G129: 26000
A130: 125 | B130: Jendela naco | F130: Bh | G130: 0
... A157: 152 | B157: Kawat las | F157: Kg | G157: 120000
A158: 153 | B158: Kawat las listrik | F158: Kg | G158: =G157 -> 120000
A159: 154 | B159: Kawat nyamuk | F159: m2 | G159: 30200
A160: 155 | B160: Kayu | F160: m3 | G160: 3950000
A161: 156 | B161: Kayu 5/7 | F161: m3 | G161: 3950000
A162: 157 | B162: Kayu balok 5/7 | F162: m3 | G162: 3950000
...

Sheet Rekap HSP
A1: REKAPTULASI ANALISA HARGA SATUAN PEKERJAAN
A3: Kegiatan
A4: Sub Kegiatan
A5: Pekerjaan
A6: Lokasi
A7: Tahun Anggaran
A9: Kode Analisa | B9: Jenis Pekerjaan | E9: Vol | F9: Satuan | G9: Harga Satuan (RP)
A12: U.1.1.1 (c) | B12: Pembuatan 1 m' pagar sementara dari kayu tinggi 2 m | E12: 1 | F12: m' | G12: 748339.5
A14: U.1.1.2 (c) | B14: Pembuatan 1 m' pagar sementara dari seng gelombang rangka kayu tinggi 2 m | E14: 1 | F14: m' | G14: 535929
A16: U.1.2.1.d (a) | B16: Pasangan 1 m' bouwplank | E16: 1 | F16: m' | G16: 107946.45
A18: U.3.4.1.a.1 (c) | B18: Penggalian 1 m3 tanah biasa sedalam s.d 1 m untuk volume s.d. 200 m3 cara manual | E18: 1 | F18: m3 | G18: 140652.6
A20: U.3.4.1.a.4 (a) | B20: Penggalian 1 m3 tanah biasa sedalam lebih dari 1 m s.d 2 m untuk volume s.d. 200 m3 cara manual | E20: 1 | F20: m3 | G20: 168646.5
A22: U.3.5.1.a (c) | B22: 1 m3 Urugan kembali galian tanah (> 0 s.d. 200 m3), tanpa pemadatan secara manual | E22: 1 | F22: m3 | G22: 93692.5
A24: U.3.5.1.b (c) | B24: 1 m3 Timbunan dengan pasir urug (> 0 s.d. 200 m3), tanpa pemadatan secara manual | E24: 1 | F24: m3 | G24: 320215.5
A26: U.3.5.1.d (a) | B26: 1 m3 Urugan tanah biasa, tanpa pemadatan secara manual | E26: 1 | F26: m3 | G26: 126005
A28: U.3.5.2.a (c) | B28: 1 m3 Pemadatan tanah per 20 cm menggunakan alat timbris secara manual | E28: 1 | F28: m3 | G28: 93692.5
A30: U.3.5.3.a (a) | B30: 1 m3 Pemadatan Tanah setebal 10 cm secara semi-mekanis | E30: 1 | F30: m3 | G30: 29645
A32: A.3.2.1.1 | B32: Pemasangan 1 m3 pondasi batu belah campuran 1SP : 3PP | E32: 1 | F32: m3 | G32: 1730154.2
A34: A.3.2.1.2 | B34: Pemasangan 1 m3 pondasi batu belah campuran 1SP : 4PP | E34: 1 | F34: m3 | G34: 1662779.2
... A46: A.4.1.1.6 | B46: Membuat 1 m3 beton f'c = 16,9 Mpa (setara beton K 200) | E46: 1 | F46: m3 | G46: 1987444.7
A48: =AHSP!B8 -> A.1.1.1.1 | B48: =AHSP!C8 -> Pembuatan 1 m’ pagar sementara dari kayu tinggi 2 meter | E48: 1 | F48: m' | G48: =AHSP!I31 -> 754783 | I48: +
A50: =AHSP!B33 -> A.1.1.1.2 | B50: =AHSP!C33 -> Pembuatan 1 m’ pagar sementara dari seng gelombang rangka kayu tinggi 2 meter | E50: 1 | F50: m' | G50: =AHSP!I55 -> 466733
A52: =AHSP!B57 -> A.1.1.1.3 | B52: =AHSP!C57 -> Pembuatan 1 m2 pagar sementara dari kawat duri tinggi 2 meter | E52: 1 | F52: m2 | G52: =AHSP!I79 -> 953925
A54: =AHSP!C81 -> 1.1.1.6 | B54: =AHSP!D81 -> Pemasangan 1 m2 panel beton pracetak 50x50x240 untuk pagar | E54: 1 | F54: m2 | G54: =AHSP!I100 -> 102739.12
A56: =AHSP!C103 -> 1.1.2.1 | B56: =AHSP!D103 -> 1 buah papan nama pekerjaan ukuran 0.8x1.2 menggunakan multiflex 18 mm, frame besi siku dan tiang kayu 8/12 | E56: 1 | F56: unit | G56: =AHSP!I123 -> 749329.6
A58: =AHSP!C126 -> 1.1.2.2 | B58: =AHSP!D126 -> 1 buah papan nama pekerjaan ukuran 0.6x08 menggunakan multiplex 10 mm, frame allumunium siku dan tiang kayu 5/7, printing banner plastik | E58: 1 | F58: unit | G58: =AHSP!I146 -> 337207.51 | I58: +
A60: =AHSP!C149 -> 1.1.2.3 | B60: =AHSP!D149 -> Pembuatan 1 m2 kantor sementara/rumah jaga/gudang semen dan peralatan lantai plesteran, dinding setengah tembok | E60: 1 | F60: unit | G60: =AHSP!I178 -> 2285963.9
A62: =AHSP!C181 -> 1.1.2.4 | B62: =AHSP!D181 -> Pembuatan 1 m2 direksi keet (Kantor), los kerja dan gudang | E62: 1 | F62: unit | G62: =AHSP!I206 -> 1964226 | I62: +
A64: =AHSP!C209 -> 1.1.2.5 | B64: =AHSP!D209 -> Pembuatan 1 m2 jalan sementara lapis macadam | E64: 1 | F64: m2 | G64: =AHSP!I231 -> 422683.39
A66: =AHSP!C234 -> 1.1.2.6 | B66: =AHSP!D234 -> Pembuatan 1 m2 jalan sementara (Jalan Tanah) | E66: 1 | F66: m2 | G66: =AHSP!I246 -> 0
A68: =AHSP!C249 -> 1.1.2.7 | B68: =AHSP!D249 -> Pembuatan 1 m2 jalan sementara (Jalan Kerikil) | E68: 1 | F68: m2 | G68: =AHSP!I262 -> 0
A70: =AHSP!C265 -> 1.1.3.1 | B70: =AHSP!D265 -> 1 m3 Pembersihan dan pengupasan permukaan tanah (striping) s.d. tanaman ∅ 2 cm | E70: 1 | F70: m3 | G70: =AHSP!I277 -> 20493
A72: =AHSP!C279 -> 1.1.3.3. | B72: =AHSP!D279 -> Tebas tebang 1 m 2 tanaman/tumbuhan ∅ >5 s.d. 15 cm | E72: 1 | F72: m2 | G72: =AHSP!I291 -> 10813
A74: =AHSP!C293 -> 1.1.3.4 | B74: =AHSP!D293 -> Tebas tebang 1 batang pohon/tumbuhan ∅ >15 s.d. 30 cm | E74: 1 | F74: btg | G74: =AHSP!I306 -> 17300.839
A76: =AHSP!C308 -> 1.1.3.5 | B76: =AHSP!D308 -> Tebas tebang 1 batang pohon/tumbuhan ∅ > 30 s.d 50 cm | E76: 1 | F76: btg | G76: =AHSP!I321 -> 2595.1887
A78: =AHSP!C323 -> 1.1.3.6 | B78: =AHSP!D323 -> Tebas tebang 1 batang pohon/tumbuhan ∅ > 50 s.d 75 cm (diameter pohon diukur 1 m di atas permukaan tanah) | E78: 1 | F78: btg | G78: =AHSP!I336 -> 36764.288
A80: =AHSP!C338 -> 1.1.3.7 | B80: =AHSP!D338 -> Tebas tebang 1 batang pohon/tumbuhan ∅ > 75 cm (diameter pohon diukur 1 m di atas permukaan tanah) | E80: 1 | F80: btg | G80: =AHSP!I351 -> 54065.099
A82: =AHSP!C353 -> 1.1.3.8 | B82: =AHSP!D353 -> Gali dan cabut 1 tunggul pohon tanaman keras ∅ > 5 s.d. 15 cm (termasuk pembuangan sisa tunggul tanpa menutup kembali bekas lubang) | E82: 1 | F82: btg | G82: =AHSP!I366 -> 30905.919
A84: =AHSP!C368 -> 1.1.3.9 | B84: =AHSP!D368 -> Gali dan cabut 1 tunggul pohon tanaman keras ∅ > 15 cm s.d. 30 cm (termasuk pembuangan sisa tunggul tanpa menutup kembali bekas lubang) | E84: 1 | F84: btg | G84: =AHSP!I381 -> 36235.034
A86: =AHSP!C383 -> 1.1.3.10 | B86: =AHSP!D383 -> Gali dan cabut 1 tunggul pohon tanaman keras ∅ > 30 cm s.d. 50 cm (termasuk pembuangan sisa tunggul tanpa menutup kembali bekas lubang) | E86: 1 | F86: btg | G86: =AHSP!I396 -> 39456.362
A88: =AHSP!C398 -> 1.1.3.11 | B88: =AHSP!D398 -> Gali dan cabut 1 tunggul pohon tanaman keras ∅ > 50 cm s.d. 75 cm (termasuk pembuangan sisa tunggul tanpa menutup kembali bekas lubang) | E88: 1 | F88: btg | G88: =AHSP!I411 -> 56502.325
A90: =AHSP!C413 -> 1.1.3.12 | B90: =AHSP!D413 -> Gali dan cabut 1 tunggul pohon tanaman keras ∅ > 75 cm (termasuk pembuangan sisa tunggul tanpa menutup kembali bekas lubang) | E90: 1 | F90: btg | G90: =AHSP!I426 -> 74235.836
A92: =AHSP!C428 -> 1.1.3.13 | B92: =AHSP!D428 -> Gali dan cabut 1 tunggul pohon tanaman keras ∅ > 5 s.d. 15 cm (termasuk pembuangan sisa tunggul dengan menutup kembali bekas lubang) | E92: 1 | F92: btg | G92: =AHSP!I441 -> 32597.279
A94: =AHSP!C443 -> 1.1.3.14 | B94: =AHSP!D443 -> Gali dan cabut 1 tunggul pohon tanaman keras ∅ > 15 cm s.d. 30 cm (termasuk pembuangan sisa tunggul dengan menutup kembali bekas lubang) | E94: 1 | F94: btg | G94: =AHSP!I456 -> 27445.182
A96: =AHSP!C458 -> 1.1.3.15 | B96: =AHSP!D458 -> Gali dan cabut 1 tunggul pohon tanaman keras ∅ > 15 cm s.d. 50 cm (termasuk pembuangan sisa tunggul dengan menutup kembali bekas lubang) | E96: 1 | F96: btg | G96: =AHSP!I471 -> 33913.276
A98: =AHSP!C473 -> 1.1.3.16 | B98: =AHSP!D473 -> Gali dan cabut 1 tunggul pohon tanaman keras ∅ > 15 cm s.d. 75 cm (termasuk pembuangan sisa tunggul dengan menutup kembali bekas lubang) | E98: 1 | F98: btg | G98: =AHSP!I486 -> 51843.437
A100: =AHSP!C488 -> 1.1.3.17 | B100: =AHSP!D488 -> Gali dan cabut 1 tunggul pohon tanaman keras ∅ > 75 cm (termasuk pembuangan sisa tunggul dengan menutup kembali bekas lubang) | E100: 1 | F100: btg | G100: =AHSP!I501 -> 82500.659
A102: =AHSP!C504 -> 1.1.4.1 | B102: =AHSP!D504 -> Pengukuran ulang topografi seluas 1 Ha | E102: 1 | F102: Ha | G102: =AHSP!I523 -> 13757.875
A104: =AHSP!C525 -> 1.1.4.2 | B104: =AHSP!D525 -> Pasangan 1 m' bouwplank | E104: 1 | F104: m' | G104: =AHSP!I543 -> 103271.09
A106: =AHSP!C545 -> 1.1.4.3 | B106: =AHSP!D545 -> Patok Kayu (kaso5/7) Panjang 0,5 m' | E106: 1 | F106: ttk | G106: =AHSP!I562 -> 42591.3
A108: =AHSP!C564 -> 1.1.4.4 | B108: =AHSP!D564 -> 1 Buah Patok Kayu (Kaso 5/7) panjang 1 m' | E108: 1 | F108: unit | G108: =AHSP!I581 -> 51933.207
A110: =AHSP!C583 -> 1.1.4.5 | B110: =AHSP!D583 -> Patok Tetap Bantu (PTB) | E110: 1 | F110: ttk | G110: =AHSP!I601 -> 2.31
A112: =AHSP!C603 -> 1.1.4.6 | B112: =AHSP!D603 -> Patok Tetap Utama (PTU) | E112: 1 | F112: ttk | G112: =AHSP!I621 -> 2.31
A114: =AHSP!C623 -> 1.2 | B114: =AHSP!D623 -> PEKERJAAN GALIAN TANAH
A115: =AHSP!C626 -> 1.2.1.1.1 | B115: =AHSP!D626 -> Penggalian 1 m3 tanah biasa sedalam 0 s.d. 1 m untuk volume s.d. 200 m3 secara manual | E115: 1 | F115: m3 | G115: =AHSP!I638 -> 153810.8
A117: =AHSP!C640 -> 1.2.1.1.2 | B117: =AHSP!D640 -> Penggalian 1 m3 tanah biasa sedalam 0 s.d. 1 m untuk volume 200 m3 s.d 2.000 m3 secara manual | E117: 1 | F117: m3 | G117: =AHSP!I652 -> 121754.38
A119: =AHSP!C654 -> 1.2.1.1.3 | B119: =AHSP!D654 -> Penggalian 1 m3 tanah biasa sedalam 0 s.d. 1 m untuk volume > 2.000 m3 secara Manual | E119: 1 | F119: m3 | G119: =AHSP!I666 -> 86504
A121: =AHSP!C668 -> 1.2.1.1.4 | B121: =AHSP!D668 -> Penggalian 1 m3 tanah biasa sedalam > 1 s.d. 2 m untuk volume s.d 200 m3 secara manual | E121: 1 | F121: m3 | G121: =AHSP!I680 -> 184437
A123: =AHSP!C682 -> 1.2.1.1.5 | B123: =AHSP!D682 -> Penggalian 1 m3 tanah biasa sedalam > 1 s.d. 2 m untuk volume > 200 m3 secara manual | E123: 1 | F123: m3 | G123: =AHSP!I694 -> 145975.5
A125: =AHSP!C696 -> 1.2.1.1.6 | B125: =AHSP!D696 -> Penggalian 1 m3 tanah biasa sedalam > 2 s.d. 3 m untuk volume s.d 200 m3 secara manual | E125: 1 | F125: m3 | G125: =AHSP!I708 -> 218462.2
A127: =AHSP!C710 -> 1.2.1.1.7 | B127: =AHSP!D710 -> Penggalian 1 m3 tanah biasa sedalam > 2 s.d. 3 m untuk volume > 200 m3 secara manual | E127: 1 | F127: m3 | G127: =AHSP!I722 -> 164357.6
A129: =AHSP!C724 -> 1.2.1.1.8 | B129: =AHSP!D724 -> Penggalian 1 m3 tanah biasa sedalam > 3 m, setiap penambahan kedalaman 1 m secara manual | E129: 1 | F129: m3 | G129: =AHSP!I736 -> 16219.5
A131: =AHSP!C737 -> 1.2.1.2 | B131: =AHSP!D737 -> Cara Semi Mekanis
A132: =AHSP!C738 -> 1.2.1.2.1 | B132: =AHSP!D738 -> Penggalian 1 m3 tanh biasa sedalam > 0 s.d 1 m secara semi mekanis | E132: 1 | F132: m3 | G132: =AHSP!I751 -> 29195.149
A134: =AHSP!C753 -> 1.2.1.2.2 | B134: =AHSP!D753 -> Penggalian 1 m3 tanah biasa sedalam >1 s.d 2 m secara semi mekanis | E134: 1 | F134: m3 | G134: =AHSP!I766 -> 40656.932
A136: =AHSP!C768 -> 1.2.1.2.3 | B136: =AHSP!D768 -> Penggalian 1 m3 tanah biasa sedalam >2 s.d 3 m secara semi mekanis | E136: 1 | F136: m3 | G136: =AHSP!I781 -> 54065.055
A138: =AHSP!C783 -> 1.2.1.2.4 | B138: =AHSP!D783 -> Penggalian 1 m3 tanah biasa > 3 m untuk setiap penambahan kedalaman 1 m secara semi mekanis | E138: 1 | F138: m3 | G138: =AHSP!I796 -> 16219.503
A140: =AHSP!C797 -> 1.2.2 | B140: =AHSP!D797 -> Pasir
A141: =AHSP!C798 -> 1.2.2.1 | B141: =AHSP!D798 -> Cara Manual
A142: =AHSP!C799 -> 1.2.2.1.1 | B142: =AHSP!D799 -> Penggalian 1 m3 pasir sedalam >0 s.d 1 m secara manual | E142: 1 | F142: m3 | G142: =AHSP!I811 -> 142731.6
A144: =AHSP!C813 -> 1.2.2.1.2 | B144: =AHSP!D813 -> Penggalian 1 m3 pasir sedalam > 1 s.d 2 m secara manual | E144: 1 | F144: m3 | G144: =AHSP!I825 -> 173008
A146: =AHSP!C827 -> 1.2.2.1.3 | B146: =AHSP!D827 -> Penggalian 1 m3 pasir sedalam > 2 s.d 3 m secara manual | E146: 1 | F146: m3 | G146: =AHSP!I839 -> 198959.2
A148: =AHSP!C841 -> 1.2.2.1.4 | B148: =AHSP!D841 -> Penggalian 1 m3 pasir sedalam > 3 m tiap tambahan dalam 1 msecara manual | E148: 1 | F148: m3 | G148: =AHSP!I853 -> 21626
A150: =AHSP!C855 -> 1.2.2.2 | B150: =AHSP!D855 -> Cara Semi Mekanis
A151: =AHSP!C856 -> 1.2.2.2.1 | B151: =AHSP!D856 -> Penggalian 1 m3 pasir sedalam > 0 s.d 1 m secara semi mekanis | E151: 1 | F151: m3 | G151: =AHSP!I869 -> 54065.044
A153: =AHSP!C871 -> 1.2.2.2.2 | B153: =AHSP!D871 -> Penggalian 1 m3 pasir sedalam > 1 s.d 2 m secara semi mekanis | E153: 1 | F153: m3 | G153: =AHSP!I884 -> 57308.961
A155: =AHSP!C886 -> 1.2.2.2.3 | B155: =AHSP!D886 -> Penggalian 1 m3 pasir sedalam > 2 s.d 3 m secara semi mekanis | E155: 1 | F155: m3 | G155: =AHSP!I899 -> 60552.879
A157: =AHSP!C901 -> 1.2.2.2.4 | B157: =AHSP!D901 -> Penggalian 1 m3 pasir sedalam > 3 m secara semi mekanis untuk setiap tambahan dalm 1 m | E157: 1 | F157: m3 | G157: =AHSP!I914 -> 3243.9242
A159: =AHSP!C916 -> 1.2.3 | B159: =AHSP!D916 -> Tanah Berbatu
A160: =AHSP!C917 -> 1.2.3.1 | B160: =AHSP!D917 -> Cara Manual
A161: =AHSP!C918 -> 1.2.3.1.1 | B161: =AHSP!D918 -> Penggalian 1 m3 tanah berbatu sedalam > 0 s.d 1 m secara Manual | E161: 1 | F161: m3 | G161: =AHSP!I930 -> 292167.26
A163: =AHSP!C932 -> 1.2.3.1.2 | B163: =AHSP!D932 -> Penggalian 1 m3 tanah berbatu sedalam > 1 s.d 2 m secara Manual | E163: 1 | F163: m3 | G163: =AHSP!I944 -> 324390
A165: =AHSP!C946 -> 1.2.3.1.3 | B165: =AHSP!D946 -> Penggalian 1 m3 tanah berbatu sedalam > 2 s.d 3 m secara Manual | E165: 1 | F165: m3 | G165: =AHSP!I958 -> 356829
A167: =AHSP!C960 -> 1.2.3.1.4 | B167: =AHSP!D960 -> Penggalian 1 m3 tanah berbatu sedalam >3 m, setiap tambah dalam 1 m secara Manual | E167: 1 | F167: m3 | G167: =AHSP!I972 -> 30276.4
A169: =AHSP!C974 -> 1.2.3.2 | B169: =AHSP!D974 -> Cara Semi Mekanis
A170: =AHSP!C975 -> 1.2.3.2.1 | B170: =AHSP!D975 -> Penggalian 1 m3 tanah berbatu sedalam > 0 s.d 1 m secara semi mekanis | E170: 1 | F170: m3 | G170: =AHSP!I988 -> 65388.043
A172: =AHSP!C990 -> 1.2.3.2.2 | B172: =AHSP!D990 -> Penggalian 1 m3 tanah berbatu sedalam > 1 s.d 2 m secara semi mekanis | E172: 1 | F172: m3 | G172: =AHSP!I1003 -> 85422.787
A174: =AHSP!C1005 -> 1.2.3.2.3 | B174: =AHSP!D1005 -> Penggalian 1 m3 tanah berbatu sedalam > 2 s.d 3 m secara semi mekanis | E174: 1 | F174: m3 | G174: =AHSP!I1018 -> 108995.13
A176: =AHSP!C1020 -> 1.2.3.2.4 | B176: =AHSP!D1020 -> Penggalian 1 m3 tanah berbatu sedalam > 3 , setiap tambahan dalam 1 m secara semi mekanis | E176: 1 | F176: m3 | G176: =AHSP!I1033 -> 30276.406
A178: =AHSP!C1035 -> 1.2.4 | B178: =AHSP!D1035 -> Tanah Keras atau Cadas
A179: =AHSP!C1036 -> 1.2.4.1 | B179: =AHSP!D1036 -> Cara Manual
A180: =AHSP!C1037 -> 1.2.4.1.1 | B180: =AHSP!D1037 -> Penggalian 1 m3 cadas atau tanah keras sedalam > 0 s.d 1 m untuk volume s.d 200m3 secara manual | E180: 1 | F180: m3 | G180: =AHSP!I1049 -> 307395
A182: =AHSP!C1051 -> 1.2.4.1.2 | B182: =AHSP!D1051 -> Penggalian 1 m3 cadas atau tanah keras sedalam > 0 s.d 1 m untuk volume > 200 m3 secara manual | E182: 1 | F182: m3 | G182: =AHSP!I1063 -> 270325
A186: =AHSP!C1065 -> 1.2.4.1.3 | B186: =AHSP!D1065 -> Penggalian 1 m3 cadas atau tanah keras sedalam > 1 s.d 2 m untuk volume s.d 200 m3 secara manual | E186: 1 | F186: m3 | G186: =AHSP!I1077 -> 303996
A188: =AHSP!C1079 -> 1.2.4.1.4 | B188: =AHSP!D1079 -> Penggalian 1 m3 cadas atau tanah keras sedalam > 1 s.d 2 m untuk volume > 200 m3 secara manual | E188: 1 | F188: m3 | G188: =AHSP!I1091 -> 301033.92
A190: =AHSP!C1093 -> 1.2.4.1.5 | B190: =AHSP!D1093 -> Penggalian 1 m3 cadas atau tanah keras sedalam > 2 s.d 3 m untuk volume >s.d 200 m3 secara manual | E190: 1 | F190: m3 | G190: =AHSP!I1105 -> 324390
A192: =AHSP!C1107 -> 1.2.4.1.6 | B192: =AHSP!D1107 -> Penggalian 1 m3 cadas atau tanah keras sedalam > 3 m tiap tambahan dalam 1 m secara manual | E192: 1 | F192: m3 | G192: =AHSP!I1119 -> 21626
A194: =AHSP!C1121 -> 1.2.4.2 | B194: =AHSP!D1121 -> Cara Semi Mekanis
A195: =AHSP!C1122 -> 1.2.4.2.1 | B195: =AHSP!D1122 -> Penggalian 1 m3 cadas atau tanah keras sedalam > 0 s.d 1 m secara semi mekanis | E195: 1 | F195: m3 | G195: =AHSP!I1135 -> 49052.369
A197: =AHSP!C1137 -> 1.2.4.2.2 | B197: =AHSP!D1137 -> Penggalian 1 m3 cadas atau tanah keras sedalam > 1 s.d 2 m secara semi mekanis | E197: 1 | F197: m3 | G197: =AHSP!I1150 -> 65468.772
...

Sheet AHSP
A1: AHSP (Analisa Harga Satuan Pekerjaan)
L3: PROFIT | M3: 0.1
C4: ANALISA HARGA SATUAN PEKERJAAN (AHSP)
A7: A.2.2.1 | B7: HARGA SATUAN PEKERJAAN PERSIAPAN
B8: A.1.1.1.1 | C8: Pembuatan 1 m’ pagar sementara dari kayu tinggi 2 meter | J8: =I31 -> 754783
C9: No | D9: Uraian | E9: Kode | F9: Satuan | G9: Koefisien | H9: Harga Satuan (Rp.) | I9: Jumlah Harga (Rp.)
C10: A | D10: TENAGA
D11: Pekerja | E11: L.01 | F11: OH | G11: 0.6 | H11: 176000 | I11: =G11*H11 -> 105600
D12: Tukang Kayu | E12: L.02 | F12: OH | G12: 0.2 | H12: 186000 | I12: =G12*H12 -> 37200
D13: Tukang Batu | E13: L.02 | F13: OH | G13: 0.2 | H13: 186000 | I13: =G13*H13 -> 37200
D14: Kepala Tukang | E14: L.03 | F14: OH | G14: 0.04 | H14: 196000 | I14: =G14*H14 -> 7840
D15: Mandor | E15: L.04 | F15: OH | G15: 0.013 | H15: 206000 | I15: =G15*H15 -> 2678
G16: JUMLAH TENAGA KERJA | I16: =SUM(I11:I15) -> 190518
C17: B | D17: BAHAN
D18: Kayu kaso 5/7 | F18: m3 | G18: 0.0387 | H18: =VLOOKUP(D18,BAHAN!B6:G546,6,FALSE) -> 3950000 | I18: =G18*H18 -> 152865
D19: Kayu papan 3/20 | F19: m3 | G19: 0.0396 | H19: =VLOOKUP(D19,BAHAN!B7:G547,6,FALSE) -> 5500000 | I19: =G19*H19 -> 217800
D20: Paku biasa 2” - 5” | F20: kg | G20: 0.5872 | H20: =VLOOKUP(D20,BAHAN!B8:G548,6,FALSE) -> 22000 | I20: =G20*H20 -> 12918.4
D21: Semen portland | F21: kg | G21: 26.406 | H21: =VLOOKUP(D21,BAHAN!B9:G550,6,FALSE) -> 1820 | I21: =G21*H21 -> 48058.92
D22: Pasir beton kg | F22: kg | G22: 61.56 | H22: =VLOOKUP(D22,BAHAN!B10:G551,6,FALSE) -> 474.42857 | I22: =G22*H22 -> 29205.823
D23: Kerikil kg | F23: kg | G23: 83.349 | H23: =VLOOKUP(D23,BAHAN!B11:G552,6,FALSE) -> 396.63704 | I23: =G23*H23 -> 33059.3
D24: Air | F24: liter | G24: 17.415 | H24: =BAHAN!G6 -> 100 | I24: =G24*H24 -> 1741.5
D25: Residu | F25: liter | G25: 0.4 | H25: =VLOOKUP(D25,BAHAN!B13:G554,6,FALSE) -> 57600 | I25: =G25*H25 -> 23040
G26: JUMLAH HARGA BAHAN | I26: =SUM(I17:I24) -> 495648.94
C27: C | D27: PERALATAN
G28: JUMLAH HARGA ALAT | I28: =I27 -> 0
C29: D | D29: Jumlah (A+B+C) | I29: =I16+I26+I28 -> 686166.94
C30: E | D30: Overhead & Profit 10% | G30: =$M$3 -> 0.1 | I30: =G30*I29 -> 68616.694
C31: F | D31: Harga Satuan Pekerjaan (D+E) | H31: 0 | I31: =ROUNDDOWN(I29+I30,0) -> 754783
B33: A.1.1.1.2 | C33: Pembuatan 1 m’ pagar sementara dari seng gelombang rangka kayu tinggi 2 meter | J33: =I55 -> 466733
C34: No | D34: Uraian | E34: Kode | F34: Satuan | G34: Koefisien | H34: Harga Satuan (Rp.) | I34: Jumlah Harga (Rp.)
C35: A | D35: TENAGA | H35: 0 | I35: =G35*H35 -> 0
D36: Pekerja | E36: L.01 | F36: OH | G36: 0.25 | H36: 176000 | I36: =G36*H36 -> 44000
D37: Tukang Kayu | E37: L.02 | F37: OH | G37: 0.125 | H37: 186000 | I37: =G37*H37 -> 23250
D38: Tukang Batu | E38: L.02 | F38: OH | G38: 0.125 | H38: 186000 | I38: =G38*H38 -> 23250
D39: Kepala Tukang | E39: L.03 | F39: OH | G39: 0.025 | H39: 196000 | I39: =G39*H39 -> 4900
D40: Mandor | E40: L.04 | F40: OH | G40: 0.008 | H40: 206000 | I40: =G40*H40 -> 1648
G41: JUMLAH TENAGA KERJA | I41: =SUM(I35:I40) -> 97048
C42: B | D42: BAHAN
D43: Kayu kaso 5/7 | F43: m3 | G43: 0.031 | H43: =VLOOKUP(D43,BAHAN!B33:G570,6,FALSE) -> 3950000 | I43: =G43*H43 -> 122450
D44: Seng gelombang | F44: lembar | G44: 1.3125 | H44: =VLOOKUP(D44,BAHAN!B34:G571,6,FALSE) -> 63500 | I44: =G44*H44 -> 83343.75
D45: Paku biasa 2” - 5” | F45: kg | G45: 0.4271 | H45: =VLOOKUP(D45,BAHAN!B35:G572,6,FALSE) -> 22000 | I45: =G45*H45 -> 9396.2
D46: Semen portland | F46: kg | G46: 26.406 | H46: =VLOOKUP(D46,BAHAN!B36:G573,6,FALSE) -> 1820 | I46: =G46*H46 -> 48058.92
D47: Pasir beton kg | F47: kg | G47: 61.56 | H47: =VLOOKUP(D47,BAHAN!B37:G574,6,FALSE) -> 474.42857 | I47: =G47*H47 -> 29205.823
D48: Kerikil kg | F48: kg | G48: 83.349 | H48: =VLOOKUP(D48,BAHAN!B39:G575,6,FALSE) -> 396.63704 | I48: =G48*H48 -> 33059.3
D49: Air | F49: liter | G49: 17.415 | H49: =BAHAN!G6 -> 100 | I49: =G49*H49 -> 1741.5
G50: JUMLAH HARGA BAHAN | I50: =SUM(I43:I49) -> 327255.49
C51: C | D51: PERALATAN | H51: 0
G52: JUMLAH HARGA ALAT | I52: =I51 -> 0
C53: D | D53: Jumlah (A+B+C) | I53: =SUM(I36:I52)/2 -> 424303.49
C54: E | D54: Overhead & Profit 10% | G54: =$M$3 -> 0.1 | I54: =G54*I53 -> 42430.349
C55: F | D55: Harga Satuan Pekerjaan (D+E) | H55: 0 | I55: =ROUNDDOWN(I53+I54,0) -> 466733
B57: A.1.1.1.3 | C57: Pembuatan 1 m2 pagar sementara dari kawat duri tinggi 2 meter | J57: =I79 -> 953925
C58: No | D58: Uraian | E58: Kode | F58: Satuan | G58: Koefisien | H58: Harga Satuan (Rp.) | I58: Jumlah Harga (Rp.)
C59: A | D59: TENAGA | H59: 0 | I59: =G59*H59 -> 0
D60: Pekerja | E60: L.01 | F60: OH | G60: 0.308 | H60: 176000 | I60: =G60*H60 -> 54208
D61: Tukang Kayu | E61: L.02 | F61: OH | G61: 0.154 | H61: 186000 | I61: =G61*H61 -> 28644
D62: Tukang Batu | E62: L.02 | F62: OH | G62: 0.154 | H62: 186000 | I62: =G62*H62 -> 28644
D63: Kepala Tukang | E63: L.03 | F63: OH | G63: 0.031 | H63: 196000 | I63: =G63*H63 -> 6076
D64: Mandor | E64: L.04 | F64: OH | G64: 0.01 | H64: 206000 | I64: =G64*H64 -> 2060
G65: JUMLAH TENAGA KERJA | I65: =SUM(I59:I64) -> 119632
C66: B | D66: BAHAN | H66: 0 | I66: =G66*H66 -> 0
D67: Kayu kaso 5/7 | F67: Batang | G67: 1 | H67: =BAHAN!G168 -> 70535.714 | I67: =G67*H67 -> 70535.714
D68: Seng gelombang | F68: Kg | G68: 2 | H68: =VLOOKUP(D68,BAHAN!B69:G595,6,FALSE) -> 63500 | I68: =G68*H68 -> 127000
D69: Paku biasa 2” - 5” | F69: M’ | G69: 25 | H69: =VLOOKUP(D69,BAHAN!B70:G596,6,FALSE) -> 22000 | I69: =G69*H69 -> 550000
D70: Semen portland | F70: m3 | G70: 0.005 | H70: =VLOOKUP(D70,BAHAN!B71:G597,6,FALSE) -> 1820 | I70: =G70*H70 -> 9.1
D71: Pasir beton kg | F71: m3 | G71: 0.009 | H71: =VLOOKUP(D71,BAHAN!B72:G598,6,FALSE) -> 474.42857 | I71: =G71*H71 -> 4.2698571
D72: Kerikil kg | F72: Kg | G72: 0.06 | H72: =VLOOKUP(D72,BAHAN!B73:G599,6,FALSE) -> 396.63704 | I72: =G72*H72 -> 23.798222
D73: Air
G74: JUMLAH HARGA BAHAN | I74: =SUM(I67:I72) -> 747572.88
C75: C | D75: PERALATAN | H75: 0 | I75: =G75*H75 -> 0
G76: JUMLAH HARGA ALAT | I76: =I75 -> 0
C77: D | D77: Jumlah (A+B+C) | H77: 0 | I77: =SUM(I60:I76)/2 -> 867204.88
C78: E | D78: Overhead & Profit 10% | G78: =$M$3 -> 0.1 | I78: =G78*I77 -> 86720.488
C79: F | D79: Harga Satuan Pekerjaan (D+E) | H79: 0 | I79: =ROUNDDOWN(I77+I78,0) -> 953925
J80: =I100 -> 102739.12
C81: 1.1.1.6 | D81: Pemasangan 1 m2 panel beton pracetak 50x50x240 untuk pagar | I81: =ROUNDDOWN(I100,-2) -> 102700
C82: No | D82: Uraian | F82: Sat. | G82: Koefisien | H82: Harga Satuan (Rp) | I82: Jumlah Harga (Rp)
C83: A | D83: TENAGA KERJA
C84: 1 | D84: Pekerja | E84: L.01 | F84: OH | G84: 0.375 | H84: 176000 | I84: =G84*H84 -> 66000
C85: 2 | D85: Tukang batu | E85: L.02 | F85: OH | G85: 0.125 | H85: 186000 | I85: =G85*H85 -> 23250
C86: 3 | D86: Kepala tukang | E86: L.03 | F86: OH | G86: 0.0012 | H86: 196000 | I86: =G86*H86 -> 235.2
C87: 4 | D87: Mandor | E87: L.04 | F87: OH | G87: 0.019 | H87: 206000 | I87: =G87*H87 -> 3914
C88: JUMLAH HARGA TENAGA KERJA | I88: =SUM(I84:I87) -> 93399.2
C89: B | D89: BAHAN
C90: 1 | D90: Panel beton pracetak | F90: lembar | G90: 0.986 | H90: 0 | I90: =G90*H90 -> 0
C91: 2 | D91: Kolom beton pracetak | F91: batang | G91: 0.525 | H91: 0 | I91: =G91*H91 -> 0
C92: 3 | D92: Semen Portland (PC) | F92: kg | G92: 45 | H92: 0 | I92: =G92*H92 -> 0
C93: 4 | D93: Pasir beton | F93: m3 | G93: 0.074 | H93: 0 | I93: =G93*H93 -> 0
C94: 5 | D94: Kerikil | F94: m3 | G94: 0.146 | H94: 0 | I94: =G94*H94 -> 0
C95: JUMLAH HARGA BAHAN | I95: =SUM(I90:I94) -> 0
C96: C | D96: PERALATAN
C97: JUMLAH HARGA ALAT | I97: 0
C98: D | D98: Jumlah (A+B+C) | I98: =I88+I95+I97 -> 93399.2
C99: E | D99: Biaya Umum dan Keuntungan 10%-15% x D | H99: =$M$3 -> 0.1 | I99: =I98*H99 -> 9339.92
C100: F | D100: Harga Satuan Pekerjaan (D+E) | I100: =SUM(I98:I99) -> 102739.12
C102: 1.1.2 | D102: Alat dan/atau sarana penunjang | J102: =I123 -> 749329.6
C103: 1.1.2.1 | D103: 1 buah papan nama pekerjaan ukuran 0.8x1.2 menggunakan multiflex 18 mm, frame besi siku dan tiang kayu 8/12 | I103: =ROUNDDOWN(I123,-2) -> 749300
C104: No | D104: Uraian | F104: Sat. | G104: Koefisien | H104: Harga Satuan (Rp) | I104: Jumlah Harga (Rp)
C105: A | D105: TENAGA KERJA
C106: 1 | D106: Pekerja | E106: L.01 | F106: OH | G106: 1 | H106: 176000 | I106: =G106*H106 -> 176000
...
