Workbook
Name P_OH_RATE: PROJECT!$B$7
Name P_PPN_RATE: PROJECT!$B$8
Name P_ROUND_UNIT: PROJECT!$B$9

Sheet REKAP
A1: REKAPITULASI ANGGARAN
A3: Kegiatan | B3: : Golden Output Validation | F3: NOT OFFICIAL
A4: Pekerjaan | B4: : Golden RAB GT-07 GT-09
A5: Status | B5: : DRAFT
A7: NO. | B7: URAIAN PEKERJAAN | F7: JUMLAH HARGA (Rp.)
A9: I | B9: PEKERJAAN | F9: ==SUM('RAB'!G10) -> 11436371
A10: JUMLAH SELURUH PEKERJAAN | F10: ==SUM(F9:F9) -> 11436371
A11: PPN 11% | F11: ==F10*'PROJECT'!$B$8 -> 1258000.8
A12: JUMLAH SELURUH PEKERJAAN + PPN | F12: ==F10+F11 -> 12694372
A13: PEMBULATAN | F13: ==INT((F12+'PROJECT'!$B$9/2)/'PROJECT'!$B$9)*'PROJECT'!$B$9 -> 12694000
A14: SELISIH PEMBULATAN | F14: ==F13-F12 -> -372.16276

Sheet RAB
A1: RENCANA ANGGARAN BIAYA (RAB)
A3: Kegiatan | B3: : Golden Output Validation | G3: NOT OFFICIAL
A4: Pekerjaan | B4: : Golden RAB GT-07 GT-09
A5: Status | B5: : DRAFT
A7: KODE | B7: NO. | C7: URAIAN PEKERJAAN | D7: SAT. | E7: VOLUME | F7: HARGA SAT. (Rp.) | G7: JUMLAH HARGA (Rp.)
B9: I | C9: PEKERJAAN
A10: - | B10: 1 | C10: Pekerjaan tanah — GT-09 | D10: m3 | E10: =='BV'!L16 -> 74.3535 | F10: =='ANALISA HSP'!G13 -> 153810.8 | G10: ==E10*F10 -> 11436371

Sheet BV
A1: BACKUP VOLUME
A3: Kegiatan | B3: : Golden Output Validation | L3: NOT OFFICIAL
A4: Pekerjaan | B4: : Golden RAB GT-07 GT-09
A5: Status | B5: : DRAFT
A7: NO. | B7: URAIAN KEGIATAN | C7: PANJANG | D7: LEBAR | E7: TINGGI | F7: TITIK | G7: JUMLAH | H7: KOEF. | I7: LUAS | J7: KETERANGAN | K7: SAT. | L7: VOLUME
A9: 1 | B9: GT-09 child 1 | C9: – | D9: – | E9: – | F9: – | G9: 1.296 | H9: – | I9: – | J9: 1.296 | K9: m3 | L9: ==G9 -> 1.296
A10: 2 | B10: GT-09 child 2 | C10: – | D10: – | E10: – | F10: – | G10: 6.48 | H10: – | I10: – | J10: 6.48 | K10: m3 | L10: ==G10 -> 6.48
A11: 3 | B11: GT-09 child 3 | C11: – | D11: – | E11: – | F11: – | G11: 23.328 | H11: – | I11: – | J11: 23.328 | K11: m3 | L11: ==G11 -> 23.328
A12: 4 | B12: GT-09 child 4 | C12: – | D12: – | E12: – | F12: – | G12: 18.144 | H12: – | I12: – | J12: 18.144 | K12: m3 | L12: ==G12 -> 18.144
A13: 5 | B13: GT-09 child 5 | C13: – | D13: – | E13: – | F13: – | G13: 3.7845 | H13: – | I13: – | J13: 3.7845 | K13: m3 | L13: ==G13 -> 3.7845
A14: 6 | B14: GT-09 child 6 | C14: – | D14: – | E14: – | F14: – | G14: 1.296 | H14: – | I14: – | J14: 1.296 | K14: m3 | L14: ==G14 -> 1.296
A15: 7 | B15: GT-09 child 7 | C15: – | D15: – | E15: – | F15: – | G15: 20.025 | H15: – | I15: – | J15: 20.025 | K15: m3 | L15: ==G15 -> 20.025
A16: – | B16: GT-09 summed volume | C16: – | D16: – | E16: – | F16: – | G16: – | H16: – | I16: – | J16: SUM of GT-09 child volumes | K16: m3 | L16: ==SUM(L9,L10,L11,L12,L13,L14,L15) -> 74.3535

Sheet ANALISA HSP
A1: ANALISA HARGA SATUAN PEKERJAAN
A3: Kegiatan | B3: : Golden Output Validation | G3: NOT OFFICIAL
A4: Pekerjaan | B4: : Golden RAB GT-07 GT-09
A5: Status | B5: : DRAFT
A7: 1.2.1.1.1 — Pekerjaan tanah
A8: NO. | B8: KELOMPOK | C8: URAIAN SUMBER DAYA | D8: SAT. | E8: KOEFISIEN | F8: HARGA DASAR (Rp.) | G8: JUMLAH (Rp.)
A9: 1 | B9: TENAGA | C9: Pekerja | D9: OH | E9: 0.75 | F9: 176000 | G9: ==E9*F9 -> 132000
A10: 2 | B10: TENAGA | C10: Mandor | D10: OH | E10: 0.038 | F10: 206000 | G10: ==E10*F10 -> 7828
A11: JUMLAH BIAYA LANGSUNG | G11: ==SUM(G9:G10) -> 139828
A12: OVERHEAD & PROFIT (10%) | G12: ==G11*'PROJECT'!$B$7 -> 13982.8
A13: HARGA SATUAN PEKERJAAN | G13: ==G11+G12 -> 153810.8

Sheet HARGA DASAR
A1: DAFTAR HARGA DASAR
A3: Kegiatan | B3: : Golden Output Validation | G3: NOT OFFICIAL
A4: Pekerjaan | B4: : Golden RAB GT-07 GT-09
A5: Status | B5: : DRAFT
A7: NO. | B7: KELOMPOK | C7: KODE | D7: URAIAN SUMBER DAYA | E7: SAT. | F7: HARGA DASAR (Rp.) | G7: STATUS
A9: 1 | B9: TENAGA | C9: - | D9: Pekerja | E9: OH | F9: 176000 | G9: TERSEDIA
A10: 2 | B10: TENAGA | C10: - | D10: Mandor | E10: OH | F10: 206000 | G10: TERSEDIA

Sheet PROJECT
A1: field | B1: value
A2: project_id | B2: golden-project-gt07-gt09
A3: rab_version_id | B3: golden-rab-v1
A4: snapshot_id | B4: golden-snapshot-gt07-gt09-v1
A5: project_name | B5: Golden Output Validation
A6: status | B6: DRAFT
A7: oh_profit_rate | B7: 0.1
A8: ppn_rate | B8: 0.11
A9: rounding_unit | B9: 1000
A10: rounding_method | B10: HALF_UP
A11: generated_at | B11: 2026-08-31T00:00:00.000Z
A14: bv_id | B14: bv_line_id | C14: parent_bv_line_id | D14: ref_bv_line_id | E14: rab_item_id | F14: template_key | G14: template_version | H14: provenance
A15: gt09-bv | B15: gt09-child-1 | C15: gt09-result | E15: gt09-item-1 | F15: SCALAR_VALUE | G15: 1 | H15: golden-reference
A16: gt09-bv | B16: gt09-child-2 | C16: gt09-result | E16: gt09-item-1 | F16: SCALAR_VALUE | G16: 1 | H16: golden-reference
A17: gt09-bv | B17: gt09-child-3 | C17: gt09-result | E17: gt09-item-1 | F17: SCALAR_VALUE | G17: 1 | H17: golden-reference
A18: gt09-bv | B18: gt09-child-4 | C18: gt09-result | E18: gt09-item-1 | F18: SCALAR_VALUE | G18: 1 | H18: golden-reference
A19: gt09-bv | B19: gt09-child-5 | C19: gt09-result | E19: gt09-item-1 | F19: SCALAR_VALUE | G19: 1 | H19: golden-reference
A20: gt09-bv | B20: gt09-child-6 | C20: gt09-result | E20: gt09-item-1 | F20: SCALAR_VALUE | G20: 1 | H20: golden-reference
A21: gt09-bv | B21: gt09-child-7 | C21: gt09-result | E21: gt09-item-1 | F21: SCALAR_VALUE | G21: 1 | H21: golden-reference
A22: gt09-bv | B22: gt09-result | E22: gt09-item-1 | F22: SUM_CHILDREN | G22: 1 | H22: golden-reference

Sheet AHSP_COMPONENTS
A1: ahsp_component_id | B1: ahsp_id | C1: hsp_id | D1: resource_id | E1: component_group | F1: source_order | G1: coefficient | H1: price_value | I1: component_cost | J1: source_locator
A2: gt07-comp-1 | B2: gt07-ahsp | C2: gt07-hsp | D2: gt07-resource-1 | E2: TENAGA | F2: 1 | G2: 0.75 | H2: 176000 | I2: 132000 | J2: Masterfile AHSP CK.xlsx / AHSP!C626:I638
A3: gt07-comp-2 | B3: gt07-ahsp | C3: gt07-hsp | D3: gt07-resource-2 | E3: TENAGA | F3: 2 | G3: 0.038 | H3: 206000 | I3: 7828 | J3: Masterfile AHSP CK.xlsx / AHSP!C626:I638

Sheet HSP_MAPPING
A1: display_order | B1: item_id | C1: group_id | D1: group_name | E1: subgroup_id | F1: subgroup_name | G1: hsp_id | H1: bv_id | I1: volume | J1: hsp_value | K1: item_amount
A2: 1 | B2: gt09-item-1 | C2: GROUP-1 | D2: PEKERJAAN | G2: gt07-hsp | H2: gt09-bv | I2: 74.3535 | J2: 153810.8 | K2: 11436371

Sheet CHECKS
A1: check_id | B1: result | C1: message | D1: snapshot_id
A2: C-EXT-001 | B2: PASS | C2: No external workbook links | D2: golden-snapshot-gt07-gt09-v1
A3: C-FORM-001 | B3: PASS | C3: Critical values retain active formulas | D3: golden-snapshot-gt07-gt09-v1
A4: C-PRES-001 | B4: PASS | C4: Technical identifiers are confined to hidden metadata | D4: golden-snapshot-gt07-gt09-v1
